 z,af,ar,ar_AE,ar_BH,ar_DZ,ar_EG,ar_IQ,ar_JO,ar_KW,ar_LB,ar_LY,ar_MA,ar_OM,ar_QA,ar_SA,ar_SD,ar_SS,ar_SY,ar_TN,ar_YE,be,be_BY,bg,bg_BG,bn,bn_BD,bn_IN,bs_BA,ca,ca_AD,ca_ES,ca_FR,ca_IT,cs,cs_CZ,da,da_DK,de,de_AT,de_BE,de_CH,de_DE,de_IT,de_LU,el,el_CY,el_GR,en,en_AG,en_AU,en_BW,en_CA,en_DK,en_GB,en_HK,en_IE,en_IL,en_IN,en_NG,en_NZ,en_PH,en_SG,en_US,en_ZA,en_ZM,en_ZW,eo,es,es_AR,es_BO,es_CL,es_CO,es_CR,es_CU,es_DO,es_EC,es_ES,es_GT,es_HN,es_MX,es_NI,es_PA,es_PE,es_PR,es_PY,es_SV,es_US,es_UY,es_VE,et,et_EE,eu,eu_ES,fa,fa_IR,fi,fi_FI,fil,fil_PH,fr,fr_BE,fr_CA,fr_CH,fr_FR,fr_LU,fy_DE,fy_NL,ga,ga_IE,he,he_IL,hr,hr_HR,hu,hu_HU,id,id_ID,is,it,it_CH,it_IT,ja,ja_JP,ka,ka_GE,ko,ko_KR,ku,ku_TR,mk,mk_MK,ms,ms_MY,mt,mt_MT,nl,nl_AW,nl_BE,nl_NL,nn,nn_NO,pl,pl_PL,pt,pt_BR,pt_PT,ro,ro_RO,ru,ru_RU,ru_UA,sk,sk_SK,sl,sl_SI,so,so_DJ,so_ET,so_KE,so_SO,sq,sq_AL,sq_KV,sq_MK,sr,sr_Cyrl,sr_Latn,sr_ME,sr_RS,sv,sv_FI,sv_SE,tr,tr_CY,tr_TR,uk,uk_UA,vi,vi_VN,zh,zh_CN,zh_HK,zh_SG,zh_TW,zu_ZA
KEY_TEXT_NEW_SAVE,Naam van die stoor,اسم الحفظ,اسم الحفظ,اسم الحفظ,اسم الحفظ,اسم الحفظ,اسم الحفظ,اسم الحفظ,اسم الحفظ,اسم الحفظ,اسم الحفظ,اسم الحفظ,اسم الحفظ,اسم الحفظ,اسم الحفظ,اسم الحفظ,اسم الحفظ,اسم الحفظ,اسم الحفظ,اسم الحفظ,Назва захавання,Назва захавання,Име на записа,Име на записа,সেভের নাম,সেভের নাম,সেভের নাম,Sekundarni,Nom de la reserva,Nom de la reserva,Nom de la reserva,Nom de la reserva,Nom de la reserva,Název uložení,Název uložení,Gemme navn,Gemme navn,Name des Speichers,Name des Speichers,Name des Speichers,Name des Speichers,Name des Speichers,Name des Speichers,Name des Speichers,Όνομα αποθήκευσης,Όνομα αποθήκευσης,Όνομα αποθήκευσης,Name of the save,Name of the save,Name of the save,Name of the save,Name of the save,Name of the save,Name of the save,Name of the save,Name of the save,Name of the save,Name of the save,Name of the save,Name of the save,Name of the save,Name of the save,Name of the save,Name of the save,Name of the save,Name of the save,Nomo de la ŝparado,Nombre del guardado,Nombre del guardado,Nombre del guardado,Nombre del guardado,Nombre del guardado,Nombre del guardado,Nombre del guardado,Nombre del guardado,Nombre del guardado,Nombre del guardado,Nombre del guardado,Nombre del guardado,Nombre del guardado,Nombre del guardado,Nombre del guardado,Nombre del guardado,Nombre del guardado,Nombre del guardado,Nombre del guardado,Nombre del guardado,Nombre del guardado,Nombre del guardado,Salvestuse nimi,Salvestuse nimi,Aurrezteko izena,Aurrezteko izena,نام پس انداز,نام پس انداز,Tallennuksen nimi,Tallennuksen nimi,Tallennuksen nimi,Tallennuksen nimi,Nom de la sauvegarde,Nom de la sauvegarde,Nom de la sauvegarde,Nom de la sauvegarde,Nom de la sauvegarde,Nom de la sauvegarde,Nom de la sauvegarde,Nom de la sauvegarde,Ainm an tsábháil,Ainm an tsábháil,שם השמירה,שם השמירה,Ime spremišta,Ime spremišta,A mentés neve,A mentés neve,Nama simpanan,Nama simpanan,Nafn vistunar,Nome del salvataggio,Nome del salvataggio,Nome del salvataggio,保存の名前,保存の名前,გადარჩენის სახელი,გადარჩენის სახელი,저장 이름,저장 이름,Navê hilanînê,Navê hilanînê,Име на заштедата,Име на заштедата,Nama simpanan,Nama simpanan,Isem is-salvataġġ,Isem is-salvataġġ,Naam van de opslag,Naam van de opslag,Naam van de opslag,Naam van de opslag,Navnet på lagringen,Navnet på lagringen,Nazwa zapisu,Nazwa zapisu,Nome do salvamento,Nome do salvamento,Nome do salvamento,Numele salvării,Numele salvării,Название сохранения,Название сохранения,Название сохранения,Názov uloženia,Názov uloženia,Ime shranitve,Ime shranitve,Magaca keydka,Magaca keydka,Magaca keydka,Magaca keydka,Magaca keydka,Emri i kursimit,Emri i kursimit,Emri i kursimit,Emri i kursimit,Име спремишта,Име спремишта,Име спремишта,Име спремишта,Име спремишта,Spara namn,Spara namn,Spara namn,Kaydetmenin adı,Kaydetmenin adı,Kaydetmenin adı,Назва збереження,Назва збереження,Tên lưu,Tên lưu,存档名称,存档名称,存档名称,存档名称,存档名称,存档名称
KEY_TEXT_LOGOUT,Teken uit,تسجيل خروج,تسجيل خروج,تسجيل خروج,تسجيل خروج,تسجيل خروج,تسجيل خروج,تسجيل خروج,تسجيل خروج,تسجيل خروج,تسجيل خروج,تسجيل خروج,تسجيل خروج,تسجيل خروج,تسجيل خروج,تسجيل خروج,تسجيل خروج,تسجيل خروج,تسجيل خروج,تسجيل خروج,Выхад,Выхад,Излез от профила си,Излез от профила си,প্রস্থান,প্রস্থান,প্রস্থান,Odjaviti se,Tancar sessió,Tancar sessió,Tancar sessió,Tancar sessió,Tancar sessió,Odhlásit se,Odhlásit se,Log ud,Log ud,Ausloggen,Ausloggen,Ausloggen,Ausloggen,Ausloggen,Ausloggen,Ausloggen,Αποσύνδεση,Αποσύνδεση,Αποσύνδεση,Logout,Logout,Logout,Logout,Logout,Logout,Logout,Logout,Logout,Logout,Logout,Logout,Logout,Logout,Logout,Logout,Logout,Logout,Logout,Elsaluti,Cerrar sesión,Cerrar sesión,Cerrar sesión,Cerrar sesión,Cerrar sesión,Cerrar sesión,Cerrar sesión,Cerrar sesión,Cerrar sesión,Cerrar sesión,Cerrar sesión,Cerrar sesión,Cerrar sesión,Cerrar sesión,Cerrar sesión,Cerrar sesión,Cerrar sesión,Cerrar sesión,Cerrar sesión,Cerrar sesión,Cerrar sesión,Cerrar sesión,Logi välja,Logi välja,Saioa amaitu,Saioa amaitu,خروج,خروج,Kirjautua ulos,Kirjautua ulos,Kirjautua ulos,Kirjautua ulos,Se déconnecter,Se déconnecter,Se déconnecter,Se déconnecter,Se déconnecter,Se déconnecter,Se déconnecter,Se déconnecter,Logáil Amach,Logáil Amach,להתנתק,להתנתק,Odjavite se,Odjavite se,Kijelentkezés,Kijelentkezés,Keluar,Keluar,Að skrá þig út,Disconnettersi,Disconnettersi,Disconnettersi,ログアウト,ログアウト,გასვლა,გასვლა,로그 아웃,로그 아웃,Derkeve,Derkeve,Одјавување,Одјавување,Log keluar,Log keluar,Oħroġ,Oħroġ,Uitloggen,Uitloggen,Uitloggen,Uitloggen,Logg ut,Logg ut,Wyloguj,Wyloguj,Sair,Sair,Sair,Deconectați-vă,Deconectați-vă,Выйти,Выйти,Выйти,Odhlásiť sa,Odhlásiť sa,Odjava,Odjava,Ka bax,Ka bax,Ka bax,Ka bax,Ka bax,Shkyç,Shkyç,Shkyç,Shkyç,Одјавити се,Одјавити се,Одјавити се,Одјавити се,Одјавити се,Logga ut,Logga ut,Logga ut,Çıkış Yap,Çıkış Yap,Çıkış Yap,Вийти,Вийти,Đăng xuất,Đăng xuất,登出,登出,登出,登出,登出,登出
KEY_TEXT_QUIT_TO_MENU_CONFIRM,Wil u regtig ophou spyskaart?,هل تريد حقًا الإقلاع عن القائمة؟,هل تريد حقًا الإقلاع عن القائمة؟,هل تريد حقًا الإقلاع عن القائمة؟,هل تريد حقًا الإقلاع عن القائمة؟,هل تريد حقًا الإقلاع عن القائمة؟,هل تريد حقًا الإقلاع عن القائمة؟,هل تريد حقًا الإقلاع عن القائمة؟,هل تريد حقًا الإقلاع عن القائمة؟,هل تريد حقًا الإقلاع عن القائمة؟,هل تريد حقًا الإقلاع عن القائمة؟,هل تريد حقًا الإقلاع عن القائمة؟,هل تريد حقًا الإقلاع عن القائمة؟,هل تريد حقًا الإقلاع عن القائمة؟,هل تريد حقًا الإقلاع عن القائمة؟,هل تريد حقًا الإقلاع عن القائمة؟,هل تريد حقًا الإقلاع عن القائمة؟,هل تريد حقًا الإقلاع عن القائمة؟,هل تريد حقًا الإقلاع عن القائمة؟,هل تريد حقًا الإقلاع عن القائمة؟,Вы сапраўды хочаце кінуць меню?,Вы сапраўды хочаце кінуць меню?,Наистина ли искате да излезете от менюто?,Наистина ли искате да излезете от менюто?,আপনি কি সত্যিই মেনুতে যেতে চান?,আপনি কি সত্যিই মেনুতে যেতে চান?,আপনি কি সত্যিই মেনুতে যেতে চান?,Da li stvarno želite izaći iz menija?,De debò vol sortir al menú?,De debò vol sortir al menú?,De debò vol sortir al menú?,De debò vol sortir al menú?,De debò vol sortir al menú?,Opravdu chcete skončit s nabídkou?,Opravdu chcete skončit s nabídkou?,Vil du virkelig afslutte menuen?,Vil du virkelig afslutte menuen?,Willst du wirklich mit dem Menü aufhören?,Willst du wirklich mit dem Menü aufhören?,Willst du wirklich mit dem Menü aufhören?,Willst du wirklich mit dem Menü aufhören?,Willst du wirklich mit dem Menü aufhören?,Willst du wirklich mit dem Menü aufhören?,Willst du wirklich mit dem Menü aufhören?,Θέλετε πραγματικά να κλείσετε το μενού,,Θέλετε πραγματικά να κλείσετε το μενού,,Θέλετε πραγματικά να κλείσετε το μενού,,Do You really wanna quit to menu?,Do You really wanna quit to menu?,Do You really wanna quit to menu?,Do You really wanna quit to menu?,Do You really wanna quit to menu?,Do You really wanna quit to menu?,Do You really wanna quit to menu?,Do You really wanna quit to menu?,Do You really wanna quit to menu?,Do You really wanna quit to menu?,Do You really wanna quit to menu?,Do You really wanna quit to menu?,Do You really wanna quit to menu?,Do You really wanna quit to menu?,Do You really wanna quit to menu?,Do You really wanna quit to menu?,Do You really wanna quit to menu?,Do You really wanna quit to menu?,Do You really wanna quit to menu?,Ĉu vi vere volas ĉesi al menuo?,¿De verdad quieres salir al menú?,¿De verdad quieres salir al menú?,¿De verdad quieres salir al menú?,¿De verdad quieres salir al menú?,¿De verdad quieres salir al menú?,¿De verdad quieres salir al menú?,¿De verdad quieres salir al menú?,¿De verdad quieres salir al menú?,¿De verdad quieres salir al menú?,¿De verdad quieres salir al menú?,¿De verdad quieres salir al menú?,¿De verdad quieres salir al menú?,¿De verdad quieres salir al menú?,¿De verdad quieres salir al menú?,¿De verdad quieres salir al menú?,¿De verdad quieres salir al menú?,¿De verdad quieres salir al menú?,¿De verdad quieres salir al menú?,¿De verdad quieres salir al menú?,¿De verdad quieres salir al menú?,¿De verdad quieres salir al menú?,¿De verdad quieres salir al menú?,Kas soovite tõesti menüüst loobuda?,Kas soovite tõesti menüüst loobuda?,Ziur menura irten nahi duzula?,Ziur menura irten nahi duzula?,آیا واقعاً می خواهید از منو خارج شوید؟,آیا واقعاً می خواهید از منو خارج شوید؟,Haluatko todella lopettaa valikon?,Haluatko todella lopettaa valikon?,Haluatko todella lopettaa valikon?,Haluatko todella lopettaa valikon?,Voulez-vous vraiment quitter le menu ?,Voulez-vous vraiment quitter le menu ?,Voulez-vous vraiment quitter le menu ?,Voulez-vous vraiment quitter le menu ?,Voulez-vous vraiment quitter le menu ?,Voulez-vous vraiment quitter le menu ?,Voulez-vous vraiment quitter le menu ?,Voulez-vous vraiment quitter le menu ?,Ar mhaith leat scor den roghchlár i ndáiríre?,Ar mhaith leat scor den roghchlár i ndáiríre?,האם אתה באמת רוצה להפסיק לתפריט?,האם אתה באמת רוצה להפסיק לתפריט?,Želite li doista izaći iz izbornika?,Želite li doista izaći iz izbornika?,Tényleg le akar lépni a menüből?,Tényleg le akar lépni a menüből?,Apakah Anda benar-benar ingin keluar dari menu?,Apakah Anda benar-benar ingin keluar dari menu?,Viltu virkilega hætta á matseðilinn?,Vuoi davvero uscire dal menu?,Vuoi davvero uscire dal menu?,Vuoi davvero uscire dal menu?,あなたは本当にメニューをやめたいですか？,あなたは本当にメニューをやめたいですか？,ნამდვილად გსურთ შეხვიდეთ მენიუში?,ნამდვილად გსურთ შეხვიდეთ მენიუში?,정말 메뉴를 그만두고 싶니?,정말 메뉴를 그만두고 싶니?,Ma bi rastî hûn dixwazin dev ji menuyê berdin?,Ma bi rastî hûn dixwazin dev ji menuyê berdin?,Дали навистина сакате да се откажете од менито?,Дали навистина сакате да се откажете од менито?,Adakah anda benar-benar mahu keluar dari menu?,Adakah anda benar-benar mahu keluar dari menu?,Int verament trid tieqaf mill-menu?,Int verament trid tieqaf mill-menu?,Wil je echt stoppen met het menu?,Wil je echt stoppen met het menu?,Wil je echt stoppen met het menu?,Czy na pewno chcesz wyjść do menu?,Czy na pewno chcesz wyjść do menu?,Vil du virkelig slutte på menyen?,Czy na pewno chcesz wyjść do menu?,Czy na pewno chcesz wyjść do menu?,Você realmente quer sair do menu?,Você realmente quer sair do menu?,Você realmente quer sair do menu?,Chiar vrei să ieși din meniu?,Chiar vrei să ieși din meniu?,Вы действительно хотите перейти в меню?,Вы действительно хотите перейти в меню?,Вы действительно хотите перейти в меню?,Naozaj chcete prestať s jedálnym lístkom?,Naozaj chcete prestať s jedálnym lístkom?,Ali res želite zapustiti meni?,Ali res želite zapustiti meni?,Runtii ma waxaad dooneysaa inaad ka tagto liiska cuntada?,Runtii ma waxaad dooneysaa inaad ka tagto liiska cuntada?,Runtii ma waxaad dooneysaa inaad ka tagto liiska cuntada?,Runtii ma waxaad dooneysaa inaad ka tagto liiska cuntada?,Runtii ma waxaad dooneysaa inaad ka tagto liiska cuntada?,A dëshiron vërtet të heqësh menunë?,A dëshiron vërtet të heqësh menunë?,A dëshiron vërtet të heqësh menunë?,A dëshiron vërtet të heqësh menunë?,Да ли заиста желите да изађете из менија?,Да ли заиста желите да изађете из менија?,Да ли заиста желите да изађете из менија?,Да ли заиста желите да изађете из менија?,Да ли заиста желите да изађете из менија?,Vill du verkligen sluta på menyn?,Vill du verkligen sluta på menyn?,Vill du verkligen sluta på menyn?,Gerçekten menüden çıkmak istiyor musun?,Gerçekten menüden çıkmak istiyor musun?,Gerçekten menüden çıkmak istiyor musun?,Ви дійсно хочете вийти з меню?,Ви дійсно хочете вийти з меню?,Bạn có thực sự muốn thoát khỏi menu?,Bạn có thực sự muốn thoát khỏi menu?,你真的想退出菜单吗？,你真的想退出菜单吗？,你真的想退出菜单吗？
KEY_TEXT_APPLY,Doen aansoek,تطبيق,تطبيق,تطبيق,تطبيق,تطبيق,تطبيق,تطبيق,تطبيق,تطبيق,تطبيق,تطبيق,تطبيق,تطبيق,تطبيق,تطبيق,تطبيق,تطبيق,تطبيق,تطبيق,Падаць заяўку,Падаць заяўку,Приложи,Приложи,প্রয়োগ করুন,প্রয়োগ করুন,প্রয়োগ করুন,Prijavite se,Aplicar,Aplicar,Aplicar,Aplicar,Aplicar,Aplikovat,Aplikovat,ansøge,ansøge,Anwenden,Anwenden,Anwenden,Anwenden,Anwenden,Anwenden,Anwenden,Ισχύουν,Ισχύουν,Ισχύουν,Apply,Apply,Apply,Apply,Apply,Apply,Apply,Apply,Apply,Apply,Apply,Apply,Apply,Apply,Apply,Apply,Apply,Apply,Apply,Apliki,Solicitar,Solicitar,Solicitar,Solicitar,Solicitar,Solicitar,Solicitar,Solicitar,Solicitar,Solicitar,Solicitar,Solicitar,Solicitar,Solicitar,Solicitar,Solicitar,Solicitar,Solicitar,Solicitar,Solicitar,Solicitar,Solicitar,Rakenda,Rakenda,Aplikatu,Aplikatu,درخواست دادن,درخواست دادن,Käytä,Käytä,Käytä,Käytä,Appliquer,Appliquer,Appliquer,Appliquer,Appliquer,Appliquer,Appliquer,Appliquer,Cuir iarratas isteach,Cuir iarratas isteach,להגיש מועמדות,להגיש מועמדות,Prijavite se,Prijavite se,Alkalmaz,Alkalmaz,Menerapkan,Menerapkan,Sækja um,Applicare,Applicare,Applicare,適用する,適用する,მიმართვა,მიმართვა,대다,대다,Bikaranîn,Bikaranîn,Аплицирај,Аплицирај,Memohon,Memohon,Applika,Applika,Van toepassing zijn,Van toepassing zijn,Van toepassing zijn,Van toepassing zijn,Søke om,Søke om,Zastosować,Zastosować,Aplicar,Aplicar,Aplicar,aplica,aplica,Применять,Применять,Применять,Podať žiadosť,Podať žiadosť,Prijavite se,Prijavite se,Codso,Codso,Codso,Codso,Codso,Aplikoni,Aplikoni,Aplikoni,Aplikoni,Применити,Применити,Применити,Применити,Применити,Tillämpa,Tillämpa,Tillämpa,Uygulamak,Uygulamak,Uygulamak,Подати заявку,Подати заявку,Ứng dụng,Ứng dụng,申请,申请,申请,申请,申请,申请
KEY_TEXT_OPTIONS_GRAPHICS,Grafika,الرسومات,الرسومات,الرسومات,الرسومات,الرسومات,الرسومات,الرسومات,الرسومات,الرسومات,الرسومات,الرسومات,الرسومات,الرسومات,الرسومات,الرسومات,الرسومات,الرسومات,الرسومات,الرسومات,Графіка,Графіка,Графика,Графика,গ্রাফিক্স,গ্রাফিক্স,গ্রাফিক্স,Grafika,Gràfics,Gràfics,Gràfics,Gràfics,Gràfics,Grafika,Grafika,Grafik,Grafik,Grafik,Grafik,Grafik,Grafik,Grafik,Grafik,Grafik,Γραφικά,Γραφικά,Γραφικά,Graphics,Graphics,Graphics,Graphics,Graphics,Graphics,Graphics,Graphics,Graphics,Graphics,Graphics,Graphics,Graphics,Graphics,Graphics,Graphics,Graphics,Graphics,Graphics,Grafikaĵoj,Gráficos,Gráficos,Gráficos,Gráficos,Gráficos,Gráficos,Gráficos,Gráficos,Gráficos,Gráficos,Gráficos,Gráficos,Gráficos,Gráficos,Gráficos,Gráficos,Gráficos,Gráficos,Gráficos,Gráficos,Gráficos,Gráficos,Graafika,Graafika,Grafikoak,Grafikoak,گرافیک,گرافیک,Grafiikka,Grafiikka,Grafiikka,Grafiikka,Graphique,Graphique,Graphique,Graphique,Graphique,Graphique,Graphique,Graphique,Grafaic,Grafaic,גרָפִיקָה,גרָפִיקָה,Grafika,Grafika,Grafika,Grafika,grafis,grafis,Grafík,Grafica,Grafica,Grafica,グラフィックス,グラフィックス,გრაფიკა,გრაფიკა,제도법,제도법,Grafîk,Grafîk,Графика,Графика,Grafik,Grafik,Grafika,Grafika,Grafische afbeeldingen,Grafische afbeeldingen,Grafische afbeeldingen,Grafische afbeeldingen,Grafikk,Grafikk,Grafika,Grafika,Gráficos,Gráficos,Gráficos,Grafică,Grafică,Графика,Графика,Графика,Grafika,Grafika,Grafika,Grafika,Sawirro,Sawirro,Sawirro,Sawirro,Sawirro,Grafika,Grafika,Grafika,Grafika,Графика,Графика,Графика,Графика,Графика,Grafik,Grafik,Grafik,Grafikler,Grafikler,Grafikler,Графіка,Графіка,Đồ họa,Đồ họa,图形,图形,图形,图形,图形,图形
KEY_TEXT_OPTIONS_AUDIO,Klank,صوتي,صوتي,صوتي,صوتي,صوتي,صوتي,صوتي,صوتي,صوتي,صوتي,صوتي,صوتي,صوتي,صوتي,صوتي,صوتي,صوتي,صوتي,صوتي,Аўдыё,Аўдыё,Аудио,Аудио,শ্রুতি,শ্রুতি,শ্রুতি,Audio,Àudio,Àudio,Àudio,Àudio,Àudio,Zvuk,Zvuk,Lyd,Lyd,Audio,Audio,Audio,Audio,Audio,Audio,Audio,Ήχος,Ήχος,Ήχος,Audio,Audio,Audio,Audio,Audio,Audio,Audio,Audio,Audio,Audio,Audio,Audio,Audio,Audio,Audio,Audio,Audio,Audio,Audio,Aŭdio,Audio,Audio,Audio,Audio,Audio,Audio,Audio,Audio,Audio,Audio,Audio,Audio,Audio,Audio,Audio,Audio,Audio,Audio,Audio,Audio,Audio,Audio,Heli,Heli,Audioa,Audioa,سمعی,سمعی,Audio,Audio,Audio,Audio,l'audio,l'audio,l'audio,l'audio,l'audio,l'audio,l'audio,l'audio,Fuaim,Fuaim,שֶׁמַע,שֶׁמַע,Audio,Audio,Hang,Hang,audio,audio,Hljóð,Audio,Audio,Audio,オーディオ,オーディオ,აუდიო,აუდიო,오디오,오디오,Audio,Audio,Аудио,Аудио,Audio,Audio,Awdjo,Awdjo,Audio,Audio,Audio,Audio,Lyd,Lyd,Audio,Audio,Áudio,Áudio,Áudio,Audio,Audio,Аудио,Аудио,Аудио,Zvuk,Zvuk,Zvok,Zvok,Codka,Codka,Codka,Codka,Codka,Audio,Audio,Audio,Audio,Аудио,Аудио,Аудио,Аудио,Аудио,Audio,Audio,Audio,Ses,Ses,Ses,Аудіо,Аудіо,Âm thanh,Âm thanh,声音的,声音的,声音的,声音的,声音的,声音的
KEY_TEXT_OPTIONS_CONTROLS,Beheer,ضوابط,ضوابط,ضوابط,ضوابط,ضوابط,ضوابط,ضوابط,ضوابط,ضوابط,ضوابط,ضوابط,ضوابط,ضوابط,ضوابط,ضوابط,ضوابط,ضوابط,ضوابط,ضوابط,Элементы кіравання,Элементы кіравання,Контроли,Контроли,নিয়ন্ত্রণ,নিয়ন্ত্রণ,নিয়ন্ত্রণ,Kontrole,Controls,Controls,Controls,Controls,Controls,Řízení,Řízení,Kontroller,Kontroller,Kontrollen,Kontrollen,Kontrollen,Kontrollen,Kontrollen,Kontrollen,Kontrollen,Έλεγχοι,Έλεγχοι,Έλεγχοι,Controls,Controls,Controls,Controls,Controls,Controls,Controls,Controls,Controls,Controls,Controls,Controls,Controls,Controls,Controls,Controls,Controls,Controls,Controls,Kontroloj,Control S,Control S,Control S,Control S,Control S,Control S,Control S,Control S,Control S,Control S,Control S,Control S,Control S,Control S,Control S,Control S,Control S,Control S,Control S,Control S,Control S,Control S,Juhtnupud,Juhtnupud,Kontrolak,Kontrolak,کنترل ها,کنترل ها,Ohjaimet,Ohjaimet,Ohjaimet,Ohjaimet,Les contrôles,Les contrôles,Les contrôles,Les contrôles,Les contrôles,Les contrôles,Les contrôles,Les contrôles,Rialuithe,Rialuithe,בקרות,בקרות,Kontrole,Kontrole,Vezérlők,Vezérlők,Kontrol,Kontrol,Stýringar,Controlli,Controlli,Controlli,コントロール,コントロール,კონტროლი,კონტროლი,통제 수단,통제 수단,Kontrol dike,Kontrol dike,Контроли,Контроли,Kawalan,Kawalan,Kontrolli,Kontrolli,Bediening,Bediening,Bediening,Bediening,Kontroller,Kontroller,Sterowanie,Sterowanie,Controles,Controles,Controles,Controale,Controale,Органы управления,Органы управления,Органы управления,Ovládacie prvky,Ovládacie prvky,Nadzor,Nadzor,Xakamaynta,Xakamaynta,Xakamaynta,Xakamaynta,Xakamaynta,Kontrollet,Kontrollet,Kontrollet,Kontrollet,Контроле,Контроле,Контроле,Контроле,Контроле,Kontroller,Kontroller,Kontroller,Kontroller,Kontroller,Kontroller,Елементи управління,Елементи управління,Kiểm soát,Kiểm soát,控件,控件,控件,控件,控件,控件
KEY_TEXT_OPTIONS_DISCORD,Discord,Discord,Discord,Discord,Discord,Discord,Discord,Discord,Discord,Discord,Discord,Discord,Discord,Discord,Discord,Discord,Discord,Discord,Discord,Discord,Discord,Discord,Discord,Discord,Discord,Discord,Discord,Discord,Discord,Discord,Discord,Discord,Discord,Discord,Discord,Discord,Discord,Discord,Discord,Discord,Discord,Discord,Discord,Discord,Discord,Discord,Discord,Discord,Discord,Discord,Discord,Discord,Discord,Discord,Discord,Discord,Discord,Discord,Discord,Discord,Discord,Discord,Discord,Discord,Discord,Discord,Discord,Discord,Discord,Discord,Discord,Discord,Discord,Discord,Discord,Discord,Discord,Discord,Discord,Discord,Discord,Discord,Discord,Discord,Discord,Discord,Discord,Discord,Discord,Discord,Discord,Discord,Discord,Discord,Discord,Discord,Discord,Discord,Discord,Discord,Discord,Discord,Discord,Discord,Discord,Discord,Discord,Discord,Discord,Discord,Discord,Discord,Discord,Discord,Discord,Discord,Discord,Discord,Discord,Discord,Discord,Discord,Discord,Discord,Discord,Discord,Discord,Discord,Discord,Discord,Discord,Discord,Discord,Discord,Discord,Discord,Discord,Discord,Discord,Discord,Discord,Discord,Discord,Discord,Discord,Discord,Discord,Discord,Discord,Discord,Discord,Discord,Discord,Discord,Discord,Discord,Discord,Discord,Discord,Discord,Discord,Discord,Discord,Discord,Discord,Discord,Discord,Discord,Discord,Discord,Discord,Discord,Discord,Discord,Discord,Discord,Discord,Discord,Discord,Discord,Discord,Discord,Discord,Discord,Discord
KEY_TEXT_OPTIONS_VSYNC,Vsync,سينك,سينك,سينك,سينك,سينك,سينك,سينك,سينك,سينك,سينك,سينك,سينك,سينك,سينك,سينك,سينك,سينك,سينك,سينك,Vsync,Vsync,Vsync,Vsync,ভিসিএনসি,ভিসিএনসি,ভিসিএনসি,Vsync,Vsync,Vsync,Vsync,Vsync,Vsync,Vsync,Vsync,Vsync,Vsync,Vsync,Vsync,Vsync,Vsync,Vsync,Vsync,Vsync,Vsync,Vsync,Vsync,Vsync,Vsync,Vsync,Vsync,Vsync,Vsync,Vsync,Vsync,Vsync,Vsync,Vsync,Vsync,Vsync,Vsync,Vsync,Vsync,Vsync,Vsync,Vsync,Vsync,Vsync,Vsync,Vsync,Vsync,Vsync,Vsync,Vsync,Vsync,Vsync,Vsync,Vsync,Vsync,Vsync,Vsync,Vsync,Vsync,Vsync,Vsync,Vsync,Vsync,Vsync,Vsync,Vsync,Vsync,Vsync,Vsync,Vsync,Vsync,Vsync,Vsync,Vsync,Vsync,Vsync,Vsync,Vsync,Vsync,Vsync,Vsync,Vsync,Vsync,Vsync,Vsync,Vsync,Vsync,Vsync,Vsync,Vsync,Vsync,Vsync,Vsync,Vsync,Sincronizzazione,Sincronizzazione,Sincronizzazione,Vsync,Vsync,ვინსინ,ვინსინ,Vsync,Vsync,Vsync,Vsync,Vsync,Vsync,Vsync,Vsync,Vsync,Vsync,Vsync,Vsync,Vsync,Vsync,Vsync,Vsync,Vsync,Vsync,Vsync,Vsync,Vsync,Vsync,Vsync,Vsync,Vsync,Vsync,Vsync,Vsync,Vsync,Vsync,Vsync,Vsync,Vsync,Vsync,Vsync,Vsync,Vsync,Vsync,Vsync,Всинц,Всинц,Всинц,Всинц,Всинц,Vsync,Vsync,Vsync,Vsync,Vsync,Vsync,Vsync,Vsync,Vsync,Vsync,垂直同步,垂直同步,垂直同步,垂直同步,垂直同步,垂直同步
KEY_TEXT_OPTIONS_FORCED_FPS,Gedwonge FPS,اضطر FPS,اضطر FPS,اضطر FPS,اضطر FPS,اضطر FPS,اضطر FPS,اضطر FPS,اضطر FPS,اضطر FPS,اضطر FPS,اضطر FPS,اضطر FPS,اضطر FPS,اضطر FPS,اضطر FPS,اضطر FPS,اضطر FPS,اضطر FPS,اضطر FPS,Прымусовы FPS,Прымусовы FPS,Принудителен FPS,Принудителен FPS,জোর করে এফপিএস,জোর করে এফপিএস,জোর করে এফপিএস,Prisilni FPS,FPS forçat,FPS forçat,FPS forçat,FPS forçat,FPS forçat,Nucené FPS,Nucené FPS,Tvungen FPS,Tvungen FPS,Erzwungene FPS,Erzwungene FPS,Erzwungene FPS,Erzwungene FPS,Erzwungene FPS,Erzwungene FPS,Erzwungene FPS,Αναγκαστική FPS,Αναγκαστική FPS,Αναγκαστική FPS,Forced FPS,Forced FPS,Forced FPS,Forced FPS,Forced FPS,Forced FPS,Forced FPS,Forced FPS,Forced FPS,Forced FPS,Forced FPS,Forced FPS,Forced FPS,Forced FPS,Forced FPS,Forced FPS,Forced FPS,Forced FPS,Forced FPS,Devigita FPS,FPS forzado,FPS forzado,FPS forzado,FPS forzado,FPS forzado,FPS forzado,FPS forzado,FPS forzado,FPS forzado,FPS forzado,FPS forzado,FPS forzado,FPS forzado,FPS forzado,FPS forzado,FPS forzado,FPS forzado,FPS forzado,FPS forzado,FPS forzado,FPS forzado,FPS forzado,Sunnitud FPS,Sunnitud FPS,FPS behartua,FPS behartua,FPS اجباری,FPS اجباری,Pakotettu FPS,Pakotettu FPS,Pakotettu FPS,Pakotettu FPS,FPS forcé,FPS forcé,FPS forcé,FPS forcé,FPS forcé,FPS forcé,FPS forcé,FPS forcé,CCT Éigeantach,CCT Éigeantach,FPS כפוי,FPS כפוי,Prisilni FPS,Prisilni FPS,Kényszerített FPS,Kényszerített FPS,FPS paksa,FPS paksa,Þvingaður FPS,FPS forzato,FPS forzato,FPS forzato,強制FPS,強制FPS,იძულებითი FPS,იძულებითი FPS,강제 FPS,강제 FPS,Zorê FPS,Zorê FPS,Принуден FPS,Принуден FPS,FPS paksa,FPS paksa,FPS sfurzat,FPS sfurzat,Geforceerde FPS,Geforceerde FPS,Geforceerde FPS,Geforceerde FPS,Tvunget FPS,Tvunget FPS,Wymuszony FPS,Wymuszony FPS,FPS forçado,FPS forçado,FPS forçado,FPS forțat,FPS forțat,Принудительный FPS,Принудительный FPS,Принудительный FPS,Nútené FPS,Nútené FPS,Prisilno FPS,Prisilno FPS,FPS qasab ah,FPS qasab ah,FPS qasab ah,FPS qasab ah,FPS qasab ah,FPS e detyruar,FPS e detyruar,FPS e detyruar,FPS e detyruar,Присилни ФПС,Присилни ФПС,Присилни ФПС,Присилни ФПС,Присилни ФПС,Tvingad FPS,Tvingad FPS,Tvingad FPS,Zorunlu FPS,Zorunlu FPS,Zorunlu FPS,Примусовий FPS,Примусовий FPS,FPS cưỡng bức,FPS cưỡng bức,强制 FPS,强制 FPS,强制 FPS,强制 FPS,强制 FPS,强制 FPS
KEY_TEXT_OPTIONS_WINDOW_RESOLUTION,Venster resolusie,دقة النافذة,دقة النافذة,دقة النافذة,دقة النافذة,دقة النافذة,دقة النافذة,دقة النافذة,دقة النافذة,دقة النافذة,دقة النافذة,دقة النافذة,دقة النافذة,دقة النافذة,دقة النافذة,دقة النافذة,دقة النافذة,دقة النافذة,دقة النافذة,دقة النافذة,Дазвол акна,Дазвол акна,Разделителна способност на прозореца,Разделителна способност на прозореца,উইন্ডো রেজোলিউশন,উইন্ডো রেজোলিউশন,উইন্ডো রেজোলিউশন,Rezolucija prozora,Resolució de la finestra,Resolució de la finestra,Resolució de la finestra,Resolució de la finestra,Resolució de la finestra,Rozlišení okna,Rozlišení okna,Vinduesopløsning,Vinduesopløsning,Fensterauflösung,Fensterauflösung,Fensterauflösung,Fensterauflösung,Fensterauflösung,Fensterauflösung,Fensterauflösung,Ανάλυση παραθύρου,Ανάλυση παραθύρου,Ανάλυση παραθύρου,Window resolution,Window resolution,Window resolution,Window resolution,Window resolution,Window resolution,Window resolution,Window resolution,Window resolution,Window resolution,Window resolution,Window resolution,Window resolution,Window resolution,Window resolution,Window resolution,Window resolution,Window resolution,Window resolution,Fenestra rezolucio,Resolución de ventana,Resolución de ventana,Resolución de ventana,Resolución de ventana,Resolución de ventana,Resolución de ventana,Resolución de ventana,Resolución de ventana,Resolución de ventana,Resolución de ventana,Resolución de ventana,Resolución de ventana,Resolución de ventana,Resolución de ventana,Resolución de ventana,Resolución de ventana,Resolución de ventana,Resolución de ventana,Resolución de ventana,Resolución de ventana,Resolución de ventana,Resolución de ventana,Akna eraldusvõime,Akna eraldusvõime,Leihoaren bereizmena,Leihoaren bereizmena,وضوح پنجره,وضوح پنجره,Ikkunan tarkkuus,Ikkunan tarkkuus,Ikkunan tarkkuus,Ikkunan tarkkuus,Résolution de la fenêtre,Résolution de la fenêtre,Résolution de la fenêtre,Résolution de la fenêtre,Résolution de la fenêtre,Résolution de la fenêtre,Résolution de la fenêtre,Résolution de la fenêtre,Réiteach fuinneoige,Réiteach fuinneoige,רזולוציית חלון,רזולוציית חלון,Rezolucija prozora,Rezolucija prozora,Ablakfelbontás,Ablakfelbontás,Resolusi jendela,Resolusi jendela,Gluggaupplausn,Risoluzione finestra,Risoluzione finestra,Risoluzione finestra,ウィンドウの解像度,ウィンドウの解像度,ფანჯრის რეზოლუცია,ფანჯრის რეზოლუცია,창 해상도,창 해상도,Çareserkirina pencereyê,Çareserkirina pencereyê,Резолуција на прозорецот,Резолуција на прозорецот,Peleraian tetingkap,Peleraian tetingkap,Riżoluzzjoni tat-tieqa,Riżoluzzjoni tat-tieqa,Venster resolutie,Venster resolutie,Venster resolutie,Venster resolutie,Vindusoppløsning,Vindusoppløsning,Rozdzielczość okna,Rozdzielczość okna,Resolução da janela,Resolução da janela,Resolução da janela,Rezoluția ferestrei,Rezoluția ferestrei,Разрешение окна,Разрешение окна,Разрешение окна,Rozlíšenie okna,Rozlíšenie okna,Ločljivost okna,Ločljivost okna,Xallinta daaqadda,Xallinta daaqadda,Xallinta daaqadda,Xallinta daaqadda,Xallinta daaqadda,Rezolucioni i dritares,Rezolucioni i dritares,Rezolucioni i dritares,Rezolucioni i dritares,Резолуција прозора,Резолуција прозора,Резолуција прозора,Резолуција прозора,Резолуција прозора,Fönsterupplösning,Fönsterupplösning,Fönsterupplösning,Pencere çözünürlüğü,Pencere çözünürlüğü,Pencere çözünürlüğü,Дозвіл вікна,Дозвіл вікна,Độ phân giải cửa sổ,Độ phân giải cửa sổ,窗口分辨率,窗口分辨率,窗口分辨率,窗口分辨率,窗口分辨率,窗口分辨率
KEY_TEXT_OPTIONS_SHOW_TIMER,Wys timer,عرض الموقت,عرض الموقت,عرض الموقت,عرض الموقت,عرض الموقت,عرض الموقت,عرض الموقت,عرض الموقت,عرض الموقت,عرض الموقت,عرض الموقت,عرض الموقت,عرض الموقت,عرض الموقت,عرض الموقت,عرض الموقت,عرض الموقت,عرض الموقت,عرض الموقت,Паказаць таймер,Паказаць таймер,Показване на таймера,Показване на таймера,টাইমার দেখান,টাইমার দেখান,টাইমার দেখান,Prikaži tajmer,Mostra el temporitzador,Mostra el temporitzador,Mostra el temporitzador,Mostra el temporitzador,Mostra el temporitzador,Zobrazit časovač,Zobrazit časovač,Vis timer,Vis timer,Timer anzeigen,Timer anzeigen,Timer anzeigen,Timer anzeigen,Timer anzeigen,Timer anzeigen,Timer anzeigen,Εμφάνιση χρονοδιακόπτη,Εμφάνιση χρονοδιακόπτη,Εμφάνιση χρονοδιακόπτη,Show timer,Show timer,Show timer,Show timer,Show timer,Show timer,Show timer,Show timer,Show timer,Show timer,Show timer,Show timer,Show timer,Show timer,Show timer,Show timer,Show timer,Show timer,Show timer,Montri tempigilon,Mostrar temporizador,Mostrar temporizador,Mostrar temporizador,Mostrar temporizador,Mostrar temporizador,Mostrar temporizador,Mostrar temporizador,Mostrar temporizador,Mostrar temporizador,Mostrar temporizador,Mostrar temporizador,Mostrar temporizador,Mostrar temporizador,Mostrar temporizador,Mostrar temporizador,Mostrar temporizador,Mostrar temporizador,Mostrar temporizador,Mostrar temporizador,Mostrar temporizador,Mostrar temporizador,Mostrar temporizador,Kuva taimer,Kuva taimer,Erakutsi tenporizadorea,Erakutsi tenporizadorea,نمایش تایمر,نمایش تایمر,Näytä ajastin,Näytä ajastin,Näytä ajastin,Näytä ajastin,Montrer la minuterie,Montrer la minuterie,Montrer la minuterie,Montrer la minuterie,Montrer la minuterie,Montrer la minuterie,Montrer la minuterie,Montrer la minuterie,Taispeáin lasc ama,Taispeáin lasc ama,הצג טיימר,הצג טיימר,Prikaži tajmer,Prikaži tajmer,Időzítő megjelenítése,Időzítő megjelenítése,Tampilkan pengatur waktu,Tampilkan pengatur waktu,Sýna tímastillingu,Mostra timer,Mostra timer,Mostra timer,タイマーを表示,タイマーを表示,ტაიმერის ჩვენება,ტაიმერის ჩვენება,타이머 표시,타이머 표시,Demjimêrê nîşan bide,Demjimêrê nîşan bide,Прикажи тајмер,Прикажи тајмер,Tunjukkan pemasa,Tunjukkan pemasa,Uri l-arloġġ,Uri l-arloġġ,Timer weergeven,Timer weergeven,Timer weergeven,Timer weergeven,Vis tidtaker,Vis tidtaker,Pokaż minutnik,Pokaż minutnik,Mostrar cronômetro,Mostrar cronômetro,Mostrar cronômetro,Afișați temporizatorul,Afișați temporizatorul,Показать таймер,Показать таймер,Показать таймер,Zobraziť časovač,Zobraziť časovač,Pokaži časovnik,Pokaži časovnik,Muuji saacad,Muuji saacad,Muuji saacad,Muuji saacad,Muuji saacad,Trego kohëmatësin,Trego kohëmatësin,Trego kohëmatësin,Trego kohëmatësin,Прикажи тајмер,Прикажи тајмер,Прикажи тајмер,Прикажи тајмер,Прикажи тајмер,Visa timer,Visa timer,Visa timer,Zamanlayıcıyı göster,Zamanlayıcıyı göster,Zamanlayıcıyı göster,Показати таймер,Показати таймер,Hiển thị bộ đếm thời gian,Hiển thị bộ đếm thời gian,显示计时器,显示计时器,显示计时器,显示计时器,显示计时器,显示计时器
KEY_TEXT_OPTIONS_SHOW_FPS,Wys FPS,اظهار عدد الكدرات في الثانية,اظهار عدد الكدرات في الثانية,اظهار عدد الكدرات في الثانية,اظهار عدد الكدرات في الثانية,اظهار عدد الكدرات في الثانية,اظهار عدد الكدرات في الثانية,اظهار عدد الكدرات في الثانية,اظهار عدد الكدرات في الثانية,اظهار عدد الكدرات في الثانية,اظهار عدد الكدرات في الثانية,اظهار عدد الكدرات في الثانية,اظهار عدد الكدرات في الثانية,اظهار عدد الكدرات في الثانية,اظهار عدد الكدرات في الثانية,اظهار عدد الكدرات في الثانية,اظهار عدد الكدرات في الثانية,اظهار عدد الكدرات في الثانية,اظهار عدد الكدرات في الثانية,اظهار عدد الكدرات في الثانية,Паказаць FPS,Паказаць FPS,Показване на FPS,Показване на FPS,এফপিএস দেখান,এফপিএস দেখান,এফপিএস দেখান,Prikaži FPS,Mostra FPS,Mostra FPS,Mostra FPS,Mostra FPS,Mostra FPS,Zobrazit FPS,Zobrazit FPS,Vis FPS,Vis FPS,FPS anzeigen,FPS anzeigen,FPS anzeigen,FPS anzeigen,FPS anzeigen,FPS anzeigen,FPS anzeigen,Εμφάνιση FPS,Εμφάνιση FPS,Εμφάνιση FPS,Show FPS,Show FPS,Show FPS,Show FPS,Show FPS,Show FPS,Show FPS,Show FPS,Show FPS,Show FPS,Show FPS,Show FPS,Show FPS,Show FPS,Show FPS,Show FPS,Show FPS,Show FPS,Show FPS,Montri FPS,Mostrar fps,Mostrar fps,Mostrar fps,Mostrar fps,Mostrar fps,Mostrar fps,Mostrar fps,Mostrar fps,Mostrar fps,Mostrar fps,Mostrar fps,Mostrar fps,Mostrar fps,Mostrar fps,Mostrar fps,Mostrar fps,Mostrar fps,Mostrar fps,Mostrar fps,Mostrar fps,Mostrar fps,Mostrar fps,Kuva FPS,Kuva FPS,Erakutsi FPS,Erakutsi FPS,نمایش FPS,نمایش FPS,Näytä FPS,Näytä FPS,Näytä FPS,Näytä FPS,Afficher fps,Afficher fps,Afficher fps,Afficher fps,Afficher fps,Afficher fps,Afficher fps,Afficher fps,Taispeáin CCT,Taispeáin CCT,הראה FPS,הראה FPS,Prikaži FPS,Prikaži FPS,FPS megjelenítése,FPS megjelenítése,Tunjukkan FPS,Tunjukkan FPS,Sýna FPS,Mostra FPS,Mostra FPS,Mostra FPS,FPSを表示,FPSを表示,FPS- ის ჩვენება,FPS- ის ჩვენება,FPS 표시,FPS 표시,FPS-ê nîşan bide,FPS-ê nîşan bide,Покажи FPS,Покажи FPS,Tunjukkan FPS,Tunjukkan FPS,Uri l-FPS,Uri l-FPS,Toon FPS,Toon FPS,Toon FPS,Toon FPS,Vis FPS,Vis FPS,Pokaż fps,Pokaż fps,Mostrar FPS,Mostrar FPS,Mostrar FPS,Afișați FPS,Afișați FPS,Показать FPS,Показать FPS,Показать FPS,Zobraziť FPS,Zobraziť FPS,Pokaži FPS,Pokaži FPS,Muuji FPS,Muuji FPS,Muuji FPS,Muuji FPS,Muuji FPS,Trego FPS,Trego FPS,Trego FPS,Trego FPS,Прикажи ФПС,Прикажи ФПС,Прикажи ФПС,Прикажи ФПС,Прикажи ФПС,Visa FPS,Visa FPS,Visa FPS,Saniyede ... Kare göstermek,Saniyede ... Kare göstermek,Saniyede ... Kare göstermek,Показати FPS,Показати FPS,Chương FPS,Chương FPS,显示 FPS,显示 FPS,显示 FPS,显示 FPS,显示 FPS,显示 FPS
KEY_TEXT_OPTIONS_ENABLE_DISCORD_SDK,Aktiveer onenigheidintegrasie,تمكين تكامل الخلاف,تمكين تكامل الخلاف,تمكين تكامل الخلاف,تمكين تكامل الخلاف,تمكين تكامل الخلاف,تمكين تكامل الخلاف,تمكين تكامل الخلاف,تمكين تكامل الخلاف,تمكين تكامل الخلاف,تمكين تكامل الخلاف,تمكين تكامل الخلاف,تمكين تكامل الخلاف,تمكين تكامل الخلاف,تمكين تكامل الخلاف,تمكين تكامل الخلاف,تمكين تكامل الخلاف,تمكين تكامل الخلاف,تمكين تكامل الخلاف,تمكين تكامل الخلاف,Уключыць інтэграцыю разладу,Уключыць інтэграцыю разладу,Активирайте интеграцията на Discord,Активирайте интеграцията на Discord,ডিসকর্ড ইন্টিগ্রেশন সক্ষম করুন,ডিসকর্ড ইন্টিগ্রেশন সক্ষম করুন,ডিসকর্ড ইন্টিগ্রেশন সক্ষম করুন,Omogućite integraciju razdora,Activa la integració de la discòrdia,Activa la integració de la discòrdia,Activa la integració de la discòrdia,Activa la integració de la discòrdia,Activa la integració de la discòrdia,Povolit integraci sváru,Povolit integraci sváru,Aktivér Discord-integration,Aktivér Discord-integration,Discord-Integration aktivieren,Discord-Integration aktivieren,Discord-Integration aktivieren,Discord-Integration aktivieren,Discord-Integration aktivieren,Discord-Integration aktivieren,Discord-Integration aktivieren,Ενεργοποίηση ενοποίησης Discord,Ενεργοποίηση ενοποίησης Discord,Ενεργοποίηση ενοποίησης Discord,Enable Discord Integration,Enable Discord Integration,Enable Discord Integration,Enable Discord Integration,Enable Discord Integration,Enable Discord Integration,Enable Discord Integration,Enable Discord Integration,Enable Discord Integration,Enable Discord Integration,Enable Discord Integration,Enable Discord Integration,Enable Discord Integration,Enable Discord Integration,Enable Discord Integration,Enable Discord Integration,Enable Discord Integration,Enable Discord Integration,Enable Discord Integration,Ebligu Diskordan Integriĝon,Habilitar la integración de Discord,Habilitar la integración de Discord,Habilitar la integración de Discord,Habilitar la integración de Discord,Habilitar la integración de Discord,Habilitar la integración de Discord,Habilitar la integración de Discord,Habilitar la integración de Discord,Habilitar la integración de Discord,Habilitar la integración de Discord,Habilitar la integración de Discord,Habilitar la integración de Discord,Habilitar la integración de Discord,Habilitar la integración de Discord,Habilitar la integración de Discord,Habilitar la integración de Discord,Habilitar la integración de Discord,Habilitar la integración de Discord,Habilitar la integración de Discord,Habilitar la integración de Discord,Habilitar la integración de Discord,Habilitar la integración de Discord,Luba vastuolude integreerimine,Luba vastuolude integreerimine,Gaitu Diskordearen integrazioa,Gaitu Diskordearen integrazioa,ادغام اختلاف را فعال کنید,ادغام اختلاف را فعال کنید,Ota ristiriitojen integrointi käyttöön,Ota ristiriitojen integrointi käyttöön,Ota ristiriitojen integrointi käyttöön,Ota ristiriitojen integrointi käyttöön,Activer l'intégration Discord,Activer l'intégration Discord,Activer l'intégration Discord,Activer l'intégration Discord,Activer l'intégration Discord,Activer l'intégration Discord,Activer l'intégration Discord,Activer l'intégration Discord,Cumasaigh Comhtháthú Discord,Cumasaigh Comhtháthú Discord,אפשר שילוב של דיסקורד,אפשר שילוב של דיסקורד,Omogućite integraciju razdora,Omogućite integraciju razdora,Engedélyezze a viszályok integrációját,Engedélyezze a viszályok integrációját,Aktifkan Integrasi Perselisihan,Aktifkan Integrasi Perselisihan,Virkja samþættingu ósamræmis,Abilita l'integrazione di Discord,Abilita l'integrazione di Discord,Abilita l'integrazione di Discord,Discord統合を有効にする,Discord統合を有効にする,შეუთანხმებელი ინტეგრაციის ჩართვა,შეუთანხმებელი ინტეგრაციის ჩართვა,Discord 통합 활성화,Discord 통합 활성화,Integration Discord-ê çalak bikin,Integration Discord-ê çalak bikin,Овозможете интеграција на раздор,Овозможете интеграција на раздор,Dayakan Integrasi Discord,Dayakan Integrasi Discord,Ippermetti l-Integrazzjoni tad-Diskord,Ippermetti l-Integrazzjoni tad-Diskord,Discord-integratie inschakelen,Discord-integratie inschakelen,Discord-integratie inschakelen,Discord-integratie inschakelen,Aktiver Discord Integration,Aktiver Discord Integration,Włącz integrację Discord,Włącz integrację Discord,Habilitar Integração Discord,Habilitar Integração Discord,Habilitar Integração Discord,Activați integrarea discordiei,Activați integrarea discordiei,Включить интеграцию с Discord,Включить интеграцию с Discord,Включить интеграцию с Discord,Povoliť integráciu sváru,Povoliť integráciu sváru,Omogoči integracijo discord,Omogoči integracijo discord,Daar Isdhexgalka Discord,Daar Isdhexgalka Discord,Daar Isdhexgalka Discord,Daar Isdhexgalka Discord,Daar Isdhexgalka Discord,Aktivizo Integrimin e Mosmarrëveshjes,Aktivizo Integrimin e Mosmarrëveshjes,Aktivizo Integrimin e Mosmarrëveshjes,Aktivizo Integrimin e Mosmarrëveshjes,Омогућите интеграцију раздора,Омогућите интеграцију раздора,Омогућите интеграцију раздора,Омогућите интеграцију раздора,Омогућите интеграцију раздора,Aktivera Discord-integration,Aktivera Discord-integration,Aktivera Discord-integration,Discord Entegrasyonunu Etkinleştir,Discord Entegrasyonunu Etkinleştir,Discord Entegrasyonunu Etkinleştir,Увімкнути інтеграцію Discord,Увімкнути інтеграцію Discord,Bật tích hợp Discord,Bật tích hợp Discord,启用 Discord 集成,启用 Discord 集成,启用 Discord 集成,启用 Discord 集成,启用 Discord 集成,启用 Discord 集成
KEY_TEXT_OPTIONS_MODIFICATIONS,Wysigings,التعديلات,التعديلات,التعديلات,التعديلات,التعديلات,التعديلات,التعديلات,التعديلات,التعديلات,التعديلات,التعديلات,التعديلات,التعديلات,التعديلات,التعديلات,التعديلات,التعديلات,التعديلات,التعديلات,Мадыфікацыі,Мадыфікацыі,Модификации,Модификации,পরিবর্তনসমূহ,পরিবর্তনসমূহ,পরিবর্তনসমূহ,Izmjene,Modificacions,Modificacions,Modificacions,Modificacions,Modificacions,Modifikace,Modifikace,Ændringer,Ændringer,Änderungen,Änderungen,Änderungen,Änderungen,Änderungen,Änderungen,Änderungen,Τροποποιήσεις,Τροποποιήσεις,Τροποποιήσεις,Modifications,Modifications,Modifications,Modifications,Modifications,Modifications,Modifications,Modifications,Modifications,Modifications,Modifications,Modifications,Modifications,Modifications,Modifications,Modifications,Modifications,Modifications,Modifications,Modifoj,Modificaciones,Modificaciones,Modificaciones,Modificaciones,Modificaciones,Modificaciones,Modificaciones,Modificaciones,Modificaciones,Modificaciones,Modificaciones,Modificaciones,Modificaciones,Modificaciones,Modificaciones,Modificaciones,Modificaciones,Modificaciones,Modificaciones,Modificaciones,Modificaciones,Modificaciones,Muudatused,Muudatused,Aldaketak,Aldaketak,اصلاحات,اصلاحات,Muutokset,Muutokset,Muutokset,Muutokset,Modifications,Modifications,Modifications,Modifications,Modifications,Modifications,Modifications,Modifications,Mionathruithe,Mionathruithe,שינויים,שינויים,Izmjene,Izmjene,Módosítások,Módosítások,Modifikasi,Modifikasi,Breytingar,Modifiche,Modifiche,Modifiche,変更,変更,მოდიფიკაციები,მოდიფიკაციები,수정,수정,Guherandin,Guherandin,Измени,Измени,Pengubahsuaian,Pengubahsuaian,Modifiki,Modifiki,Wijzigingen,Wijzigingen,Wijzigingen,Wijzigingen,Modifikasjoner,Modifikasjoner,Modyfikacje,Modyfikacje,Modificações,Modificações,Modificações,Modificări,Modificări,Модификации,Модификации,Модификации,Úpravy,Úpravy,Spremembe,Spremembe,Wax ka beddelka,Wax ka beddelka,Wax ka beddelka,Wax ka beddelka,Wax ka beddelka,Modifikimet,Modifikimet,Modifikimet,Modifikimet,Измене,Измене,Измене,Измене,Измене,Ändringar,Ändringar,Ändringar,Değişiklikler,Değişiklikler,Değişiklikler,Модифікації,Модифікації,Các sửa đổi,Các sửa đổi,修改,修改,修改,修改,修改,修改
KEY_TEXT_OPTIONS_MODIFICATIONS_NOTE,OPMERKING: Herbegin spel vir veranderinge vir effek,ملاحظة: أعد تشغيل اللعبة للتغييرات للتأثير,ملاحظة: أعد تشغيل اللعبة للتغييرات للتأثير,ملاحظة: أعد تشغيل اللعبة للتغييرات للتأثير,ملاحظة: أعد تشغيل اللعبة للتغييرات للتأثير,ملاحظة: أعد تشغيل اللعبة للتغييرات للتأثير,ملاحظة: أعد تشغيل اللعبة للتغييرات للتأثير,ملاحظة: أعد تشغيل اللعبة للتغييرات للتأثير,ملاحظة: أعد تشغيل اللعبة للتغييرات للتأثير,ملاحظة: أعد تشغيل اللعبة للتغييرات للتأثير,ملاحظة: أعد تشغيل اللعبة للتغييرات للتأثير,ملاحظة: أعد تشغيل اللعبة للتغييرات للتأثير,ملاحظة: أعد تشغيل اللعبة للتغييرات للتأثير,ملاحظة: أعد تشغيل اللعبة للتغييرات للتأثير,ملاحظة: أعد تشغيل اللعبة للتغييرات للتأثير,ملاحظة: أعد تشغيل اللعبة للتغييرات للتأثير,ملاحظة: أعد تشغيل اللعبة للتغييرات للتأثير,ملاحظة: أعد تشغيل اللعبة للتغييرات للتأثير,ملاحظة: أعد تشغيل اللعبة للتغييرات للتأثير,ملاحظة: أعد تشغيل اللعبة للتغييرات للتأثير,"УВАГА: Перазапусціце гульню, каб змяніць эфект","УВАГА: Перазапусціце гульню, каб змяніць эфект",ЗАБЕЛЕЖКА: Рестартирайте играта за промени за ефект,ЗАБЕЛЕЖКА: Рестартирайте играта за промени за ефект,দ্রষ্টব্য: পরিবর্তনের জন্য গেমটি পুনঃসূচনা করুন effect,দ্রষ্টব্য: পরিবর্তনের জন্য গেমটি পুনঃসূচনা করুন effect,দ্রষ্টব্য: পরিবর্তনের জন্য গেমটি পুনঃসূচনা করুন effect,NAPOMENA: Ponovo pokrenite igru radi promjena radi učinka,NOTA: Reinicieu el joc per obtenir canvis en l’efecte,NOTA: Reinicieu el joc per obtenir canvis en l’efecte,NOTA: Reinicieu el joc per obtenir canvis en l’efecte,NOTA: Reinicieu el joc per obtenir canvis en l’efecte,NOTA: Reinicieu el joc per obtenir canvis en l’efecte,POZNÁMKA: Restartujte hru kvůli efektivním změnám,POZNÁMKA: Restartujte hru kvůli efektivním změnám,BEMÆRK: Genstart spillet for ændringer med effekt,BEMÆRK: Genstart spillet for ændringer med effekt,"HINWEIS: Starten Sie das Spiel neu, um die Auswirkungen zu ändern","HINWEIS: Starten Sie das Spiel neu, um die Auswirkungen zu ändern","HINWEIS: Starten Sie das Spiel neu, um die Auswirkungen zu ändern","HINWEIS: Starten Sie das Spiel neu, um die Auswirkungen zu ändern","HINWEIS: Starten Sie das Spiel neu, um die Auswirkungen zu ändern","HINWEIS: Starten Sie das Spiel neu, um die Auswirkungen zu ändern","HINWEIS: Starten Sie das Spiel neu, um die Auswirkungen zu ändern",ΣΗΜΕΙΩΣΗ: Επανεκκινήστε το παιχνίδι για αλλαγές στο αποτέλεσμα,ΣΗΜΕΙΩΣΗ: Επανεκκινήστε το παιχνίδι για αλλαγές στο αποτέλεσμα,ΣΗΜΕΙΩΣΗ: Επανεκκινήστε το παιχνίδι για αλλαγές στο αποτέλεσμα,NOTE: Restart game for changes for effect,NOTE: Restart game for changes for effect,NOTE: Restart game for changes for effect,NOTE: Restart game for changes for effect,NOTE: Restart game for changes for effect,NOTE: Restart game for changes for effect,NOTE: Restart game for changes for effect,NOTE: Restart game for changes for effect,NOTE: Restart game for changes for effect,NOTE: Restart game for changes for effect,NOTE: Restart game for changes for effect,NOTE: Restart game for changes for effect,NOTE: Restart game for changes for effect,NOTE: Restart game for changes for effect,NOTE: Restart game for changes for effect,NOTE: Restart game for changes for effect,NOTE: Restart game for changes for effect,NOTE: Restart game for changes for effect,NOTE: Restart game for changes for effect,NOTO: Rekomencu ludon por ŝanĝoj por efiko,NOTA: reinicia el juego para cambios de efecto,NOTA: reinicia el juego para cambios de efecto,NOTA: reinicia el juego para cambios de efecto,NOTA: reinicia el juego para cambios de efecto,NOTA: reinicia el juego para cambios de efecto,NOTA: reinicia el juego para cambios de efecto,NOTA: reinicia el juego para cambios de efecto,NOTA: reinicia el juego para cambios de efecto,NOTA: reinicia el juego para cambios de efecto,NOTA: reinicia el juego para cambios de efecto,NOTA: reinicia el juego para cambios de efecto,NOTA: reinicia el juego para cambios de efecto,NOTA: reinicia el juego para cambios de efecto,NOTA: reinicia el juego para cambios de efecto,NOTA: reinicia el juego para cambios de efecto,NOTA: reinicia el juego para cambios de efecto,NOTA: reinicia el juego para cambios de efecto,NOTA: reinicia el juego para cambios de efecto,NOTA: reinicia el juego para cambios de efecto,NOTA: reinicia el juego para cambios de efecto,NOTA: reinicia el juego para cambios de efecto,NOTA: reinicia el juego para cambios de efecto,MÄRKUS. Mõju muutmiseks taaskäivitage mäng,MÄRKUS. Mõju muutmiseks taaskäivitage mäng,OHARRA: Berrabiarazi jokoa efektua aldatzeko,OHARRA: Berrabiarazi jokoa efektua aldatzeko,توجه: بازی را مجدداً راه اندازی کنید تا تغییر کند,توجه: بازی را مجدداً راه اندازی کنید تا تغییر کند,HUOMAUTUS: Käynnistä peli uudestaan tehosteen muuttamiseksi,HUOMAUTUS: Käynnistä peli uudestaan tehosteen muuttamiseksi,HUOMAUTUS: Käynnistä peli uudestaan tehosteen muuttamiseksi,HUOMAUTUS: Käynnistä peli uudestaan tehosteen muuttamiseksi,REMARQUE : Redémarrez le jeu pour que les modifications soient prises en compte,REMARQUE : Redémarrez le jeu pour que les modifications soient prises en compte,REMARQUE : Redémarrez le jeu pour que les modifications soient prises en compte,REMARQUE : Redémarrez le jeu pour que les modifications soient prises en compte,REMARQUE : Redémarrez le jeu pour que les modifications soient prises en compte,REMARQUE : Redémarrez le jeu pour que les modifications soient prises en compte,REMARQUE : Redémarrez le jeu pour que les modifications soient prises en compte,REMARQUE : Redémarrez le jeu pour que les modifications soient prises en compte,NÓTA: Atosaigh cluiche le haghaidh athruithe ar éifeacht,NÓTA: Atosaigh cluiche le haghaidh athruithe ar éifeacht,הערה: הפעל מחדש את המשחק לצורך שינויים,הערה: הפעל מחדש את המשחק לצורך שינויים,NAPOMENA: Ponovo pokrenite igru radi promjena radi učinka,NAPOMENA: Ponovo pokrenite igru radi promjena radi učinka,MEGJEGYZÉS: Indítsa újra a játékot a változtatások érdekében,MEGJEGYZÉS: Indítsa újra a játékot a változtatások érdekében,CATATAN: Mulai ulang game untuk perubahan efek,CATATAN: Mulai ulang game untuk perubahan efek,ATH: Endurræstu leikinn til að fá breytingar,NOTA: riavvia il gioco per modificare l'effetto,NOTA: riavvia il gioco per modificare l'effetto,NOTA: riavvia il gioco per modificare l'effetto,注：ゲームを再起動して変更を有効にします,注：ゲームを再起動して変更を有効にします,შენიშვნა: გადატვირთეთ თამაში ეფექტის მისაღწევად,შენიშვნა: გადატვირთეთ თამაში ეფექტის მისაღწევად,참고 : 변경 사항을 적용하려면 게임을 다시 시작하십시오.,참고 : 변경 사항을 적용하려면 게임을 다시 시작하십시오.,HIYAR:: Ji bo guhertinên ji bo bandorê lîstikê ji nû ve bidin destpêkirin,HIYAR:: Ji bo guhertinên ji bo bandorê lîstikê ji nû ve bidin destpêkirin,ЗАБЕЛЕШКА: Рестартирајте ја играта за промени за ефект,ЗАБЕЛЕШКА: Рестартирајте ја играта за промени за ефект,CATATAN: Mulakan semula permainan untuk perubahan yang berlaku,CATATAN: Mulakan semula permainan untuk perubahan yang berlaku,NOTA: Ibda mill-ġdid il-logħba għal bidliet fl-effett,NOTA: Ibda mill-ġdid il-logħba għal bidliet fl-effett,OPMERKING: herstart het spel voor wijzigingen voor effect,OPMERKING: herstart het spel voor wijzigingen voor effect,OPMERKING: herstart het spel voor wijzigingen voor effect,OPMERKING: herstart het spel voor wijzigingen voor effect,MERK: Start spillet på nytt for endringer for effekt,MERK: Start spillet på nytt for endringer for effekt,"UWAGA: Uruchom ponownie grę, aby wprowadzić zmiany w celu uzyskania efektu","UWAGA: Uruchom ponownie grę, aby wprowadzić zmiany w celu uzyskania efektu",NOTA: Reinicie o jogo para fazer as alterações,NOTA: Reinicie o jogo para fazer as alterações,NOTA: Reinicie o jogo para fazer as alterações,NOTĂ: Reporniți jocul pentru modificări de efect,NOTĂ: Reporniți jocul pentru modificări de efect,"ПРИМЕЧАНИЕ: перезапустите игру, чтобы изменения вступили в силу.","ПРИМЕЧАНИЕ: перезапустите игру, чтобы изменения вступили в силу.","ПРИМЕЧАНИЕ: перезапустите игру, чтобы изменения вступили в силу.","POZNÁMKA: Ak chcete vykonať zmeny, reštartujte hru","POZNÁMKA: Ak chcete vykonať zmeny, reštartujte hru",OPOMBA: Znova zaženite igro za spremembe zaradi učinka,OPOMBA: Znova zaženite igro za spremembe zaradi učinka,Ciyaarta dib u bilow si aad wax uga bedesho saamaynta,Ciyaarta dib u bilow si aad wax uga bedesho saamaynta,Ciyaarta dib u bilow si aad wax uga bedesho saamaynta,Ciyaarta dib u bilow si aad wax uga bedesho saamaynta,Ciyaarta dib u bilow si aad wax uga bedesho saamaynta,SHENIM: Rinisni lojën për ndryshime për efekt,SHENIM: Rinisni lojën për ndryshime për efekt,SHENIM: Rinisni lojën për ndryshime për efekt,SHENIM: Rinisni lojën për ndryshime për efekt,НАПОМЕНА: Поново покрените игру ради промена ради ефекта,НАПОМЕНА: Поново покрените игру ради промена ради ефекта,НАПОМЕНА: Поново покрените игру ради промена ради ефекта,НАПОМЕНА: Поново покрените игру ради промена ради ефекта,НАПОМЕНА: Поново покрените игру ради промена ради ефекта,OBS: Starta om spelet för ändringar för effekt,OBS: Starta om spelet för ändringar för effekt,OBS: Starta om spelet för ändringar för effekt,NOT: Efekt değişiklikleri için oyunu yeniden başlatın,NOT: Efekt değişiklikleri için oyunu yeniden başlatın,NOT: Efekt değişiklikleri için oyunu yeniden başlatın,"ПРИМІТКА: Перезапустіть гру, щоб зміни вступили в силу","ПРИМІТКА: Перезапустіть гру, щоб зміни вступили в силу",LƯU Ý: Khởi động lại trò chơi để thay đổi có hiệu lực,LƯU Ý: Khởi động lại trò chơi để thay đổi có hiệu lực,注意：重新启动游戏以更改效果,注意：重新启动游戏以更改效果,注意：重新启动游戏以更改效果,注意：重新启动游戏以更改效果,注意：重新启动游戏以更改效果,注意：重新启动游戏以更改效果
KEY_TEXT_OPTIONS_MODIFICATIONS_ENABLE,Aktiveer,ممكن,ممكن,ممكن,ممكن,ممكن,ممكن,ممكن,ممكن,ممكن,ممكن,ممكن,ممكن,ممكن,ممكن,ممكن,ممكن,ممكن,ممكن,ممكن,Уключыць,Уключыць,Активиране,Активиране,সক্ষম করুন,সক্ষম করুন,সক্ষম করুন,Omogući,Activa,Activa,Activa,Activa,Activa,Umožnit,Umožnit,Aktiver,Aktiver,Aktivieren,Aktivieren,Aktivieren,Aktivieren,Aktivieren,Aktivieren,Aktivieren,επιτρέπω,επιτρέπω,επιτρέπω,Enable,Enable,Enable,Enable,Enable,Enable,Enable,Enable,Enable,Enable,Enable,Enable,Enable,Enable,Enable,Enable,Enable,Enable,Enable,Ebligi,Permitir,Permitir,Permitir,Permitir,Permitir,Permitir,Permitir,Permitir,Permitir,Permitir,Permitir,Permitir,Permitir,Permitir,Permitir,Permitir,Permitir,Permitir,Permitir,Permitir,Permitir,Permitir,Luba,Luba,Gaitu,Gaitu,فعال کردن,فعال کردن,ota käyttöön,ota käyttöön,ota käyttöön,ota käyttöön,Activer,Activer,Activer,Activer,Activer,Activer,Activer,Activer,Cumasaigh,Cumasaigh,לְאַפשֵׁר,לְאַפשֵׁר,Omogućiti,Omogućiti,Engedélyezze,Engedélyezze,Memungkinkan,Memungkinkan,Virkja,Abilitare,Abilitare,Abilitare,有効にする,有効にする,ჩართვა,ჩართვა,활성화,활성화,Bikêrkirin,Bikêrkirin,Овозможи,Овозможи,Aktifkan,Aktifkan,Enable,Enable,Inschakelen,Inschakelen,Inschakelen,Inschakelen,Muliggjøre,Muliggjøre,Włączyć,Włączyć,Habilitar,Habilitar,Habilitar,Permite,Permite,Давать возможность,Давать возможность,Давать возможность,Povoliť,Povoliť,Omogoči,Omogoči,Daar,Daar,Daar,Daar,Daar,Aktivizo,Aktivizo,Aktivizo,Aktivizo,Омогући,Омогући,Омогући,Омогући,Омогући,Gör det möjligt,Gör det möjligt,Gör det möjligt,etkinleştirme,etkinleştirme,etkinleştirme,Увімкнути,Увімкнути,Kích hoạt,Kích hoạt,使能够,使能够,使能够,使能够,使能够,使能够
KEY_TEXT_OPTIONS_MODIFICATIONS_DISABLE,Deaktiveer,إبطال,إبطال,إبطال,إبطال,إبطال,إبطال,إبطال,إبطال,إبطال,إبطال,إبطال,إبطال,إبطال,إبطال,إبطال,إبطال,إبطال,إبطال,إبطال,Адключыць,Адключыць,Деактивирайте,Деактивирайте,অক্ষম করুন,অক্ষম করুন,অক্ষম করুন,Onemogući,Inhabilitar,Inhabilitar,Inhabilitar,Inhabilitar,Inhabilitar,Zakázat,Zakázat,Deaktiver,Deaktiver,Deaktivieren,Deaktivieren,Deaktivieren,Deaktivieren,Deaktivieren,Deaktivieren,Deaktivieren,Καθιστώ ανίκανο,Καθιστώ ανίκανο,Καθιστώ ανίκανο,Disable,Disable,Disable,Disable,Disable,Disable,Disable,Disable,Disable,Disable,Disable,Disable,Disable,Disable,Disable,Disable,Disable,Disable,Disable,Malŝalti,Desactivar,Desactivar,Desactivar,Desactivar,Desactivar,Desactivar,Desactivar,Desactivar,Desactivar,Desactivar,Desactivar,Desactivar,Desactivar,Desactivar,Desactivar,Desactivar,Desactivar,Desactivar,Desactivar,Desactivar,Desactivar,Desactivar,Keela,Keela,Desgaitu,Desgaitu,غیرفعال کردن,غیرفعال کردن,Poista käytöstä,Poista käytöstä,Poista käytöstä,Poista käytöstä,Désactiver,Désactiver,Désactiver,Désactiver,Désactiver,Désactiver,Désactiver,Désactiver,Díchumasaithe,Díchumasaithe,השבת,השבת,Onemogući,Onemogući,Letiltás,Letiltás,Nonaktifkan,Nonaktifkan,Slökkva,disattivare,disattivare,disattivare,無効にする,無効にする,გამორთვა,გამორთვა,비활성화,비활성화,Neçalak bike,Neçalak bike,Оневозможи,Оневозможи,Lumpuhkan,Lumpuhkan,Itfi,Itfi,Uitschakelen,Uitschakelen,Uitschakelen,Uitschakelen,Deaktiver,Deaktiver,Wyłączyć,Wyłączyć,Desabilitar,Desabilitar,Desabilitar,Dezactivează,Dezactivează,Запрещать,Запрещать,Запрещать,Zakázať,Zakázať,Onemogoči,Onemogoči,Hawl gab,Hawl gab,Hawl gab,Hawl gab,Hawl gab,Çaktivizo,Çaktivizo,Çaktivizo,Çaktivizo,Онемогући,Онемогући,Онемогући,Онемогући,Онемогући,Inaktivera,Inaktivera,Inaktivera,devre dışı bırak,devre dışı bırak,devre dışı bırak,Вимкнути,Вимкнути,Vô hiệu hóa,Vô hiệu hóa,禁用,禁用,禁用,禁用,禁用,禁用
KEY_TEXT_OPTIONS_AUDIO_MASTER,Meester,رئيس,رئيس,رئيس,رئيس,رئيس,رئيس,رئيس,رئيس,رئيس,رئيس,رئيس,رئيس,رئيس,رئيس,رئيس,رئيس,رئيس,رئيس,رئيس,Гаспадар,Гаспадар,Учителю,Учителю,মাস্টার,মাস্টার,মাস্টার,Učitelju,Mestre,Mestre,Mestre,Mestre,Mestre,Mistr,Mistr,Mestre,Mestre,Meister,Meister,Meister,Meister,Meister,Meister,Meister,Κύριος,Κύριος,Κύριος,Master,Master,Master,Master,Master,Master,Master,Master,Master,Master,Master,Master,Master,Master,Master,Master,Master,Master,Master,Majstro,Maestría,Maestría,Maestría,Maestría,Maestría,Maestría,Maestría,Maestría,Maestría,Maestría,Maestría,Maestría,Maestría,Maestría,Maestría,Maestría,Maestría,Maestría,Maestría,Maestría,Maestría,Maestría,Meister,Meister,Maisu,Maisu,استاد,استاد,Hallita,Hallita,Hallita,Hallita,Maître,Maître,Maître,Maître,Maître,Maître,Maître,Maître,Máistir,Máistir,לִשְׁלוֹט,לִשְׁלוֹט,Ovladati, majstorski,Ovladati, majstorski,Fő,Fő,Menguasai,Menguasai,Meistari,Maestro,Maestro,Maestro,主人,主人,ოსტატი,ოსტატი,석사,석사,Mamoste,Mamoste,Господар,Господар,Tuan,Tuan,Kaptan,Kaptan,Meester,Meester,Meester,Meester,Głośność główna,Głośność główna,Mistrz,Mistrz,Mestre,Mestre,Mestre,Maestru,Maestru,Владелец,Владелец,Владелец,Majster,Majster,Mojster,Mojster,Ustaad,Ustaad,Ustaad,Ustaad,Ustaad,Mjeshtër,Mjeshtër,Mjeshtër,Mjeshtër,Учитељу,Учитељу,Учитељу,Учитељу,Учитељу,Bemästra,Bemästra,Bemästra,Usta,Usta,Usta,Майстер,Майстер,Bậc thầy,Bậc thầy,掌握,掌握,掌握,掌握
KEY_TEXT_OPTIONS_AUDIO_MUSIC,Musiek,موسيقى,موسيقى,موسيقى,موسيقى,موسيقى,موسيقى,موسيقى,موسيقى,موسيقى,موسيقى,موسيقى,موسيقى,موسيقى,موسيقى,موسيقى,موسيقى,موسيقى,موسيقى,موسيقى,Музыка,Музыка,Музика,Музика,সংগীত,সংগীত,সংগীত,Muzika,Música,Música,Música,Música,Música,Hudba,Hudba,musik,musik,Musik,Musik,Musik,Musik,Musik,Musik,Musik,ΜΟΥΣΙΚΗ,ΜΟΥΣΙΚΗ,ΜΟΥΣΙΚΗ,Music,Music,Music,Music,Music,Music,Music,Music,Music,Music,Music,Music,Music,Music,Music,Music,Music,Music,Music,Muziko,Música,Música,Música,Música,Música,Música,Música,Música,Música,Música,Música,Música,Música,Música,Música,Música,Música,Música,Música,Música,Música,Música,Muusika,Muusika,Musika,Musika,موسیقی,موسیقی,Musiikki,Musiikki,Musiikki,Musiikki,Musique,Musique,Musique,Musique,Musique,Musique,Musique,Musique,Ceol,Ceol,מוּסִיקָה,מוּסִיקָה,"glazba, muzika","glazba, muzika",Zene,Zene,Musik,Musik,Tónlist,Musica,Musica,Musica,音楽,音楽,მუსიკა,მუსიკა,음악,음악,Mûzîk,Mûzîk,Музика,Музика,Muzik,Muzik,Mużika,Mużika,Muziek,Muziek,Muziek,Muziek,Musikk,Musikk,Głośność muzyki,Głośność muzyki,Música,Música,Música,Muzică,Muzică,Музыка,Музыка,Музыка,Hudba,Hudba,Glasba,Glasba,Muusig,Muusig,Muusig,Muusig,Muusig,Muzika,Muzika,Muzika,Muzika,Музика,Музика,Музика,Музика,Музика,musik,musik,musik,Müzik,Müzik,Müzik,Музика,Музика,Âm nhạc,Âm nhạc,音乐,音乐,音乐,音乐,音乐,音乐
KEY_TEXT_OPTIONS_AUDIO_SFX,SFX,مؤثرات صوتية,مؤثرات صوتية,مؤثرات صوتية,مؤثرات صوتية,مؤثرات صوتية,مؤثرات صوتية,مؤثرات صوتية,مؤثرات صوتية,مؤثرات صوتية,مؤثرات صوتية,مؤثرات صوتية,مؤثرات صوتية,مؤثرات صوتية,مؤثرات صوتية,مؤثرات صوتية,مؤثرات صوتية,مؤثرات صوتية,مؤثرات صوتية,مؤثرات صوتية,SFX,SFX,SFX,SFX,এসএফএক্স,এসএফএক্স,এসএফএক্স,SFX,SFX,SFX,SFX,SFX,SFX,SFX,SFX,SFX,SFX,SFX,SFX,SFX,SFX,SFX,SFX,SFX,SFX,SFX,SFX,SFX,SFX,SFX,SFX,SFX,SFX,SFX,SFX,SFX,SFX,SFX,SFX,SFX,SFX,SFX,SFX,SFX,SFX,SFX,SFX,SFX,SFX,SFX,SFX,SFX,SFX,SFX,SFX,SFX,SFX,SFX,SFX,SFX,SFX,SFX,SFX,SFX,SFX,SFX,SFX,SFX,SFX,SFX,SFX,SFX,SFX,SFX,SFX,SFX,SFX,SFX,SFX,SFX,SFX,SFX,SFX,SFX,SFX,SFX,SFX,SFX,SFX,SFX,SFX,SFX,SFX,SFX,SFX,SFX,SFX,SFX,SFX,SFX,SFX,SFX,SFX,SFX,SFX,SFX,SFX,SFX,SFX,SFX,SFX,SFX,SFX,SFX,SFX,SFX,SFX,SFX,SFX,SFX,SFX,Głośność SFX,Głośność SFX,SFX,SFX,SFX,SFX,SFX,Звуковые эффекты,Звуковые эффекты,Звуковые эффекты,SFX,SFX,SFX,SFX,SFX,SFX,SFX,SFX,SFX,SFX,SFX,SFX,SFX,СФКС,СФКС,СФКС,СФКС,СФКС,SFX,SFX,SFX,SFX,SFX,SFX,SFX,SFX,SFX,SFX,音效,音效,音效,音效,音效,音效
KEY_TEXT_OPTIONS_CONTROLS_MESSAGE,Druk die knoppie om die geselekteerde handeling toe te ken,اضغط على الزر لتعيين الإجراء المحدد,اضغط على الزر لتعيين الإجراء المحدد,اضغط على الزر لتعيين الإجراء المحدد,اضغط على الزر لتعيين الإجراء المحدد,اضغط على الزر لتعيين الإجراء المحدد,اضغط على الزر لتعيين الإجراء المحدد,اضغط على الزر لتعيين الإجراء المحدد,اضغط على الزر لتعيين الإجراء المحدد,اضغط على الزر لتعيين الإجراء المحدد,اضغط على الزر لتعيين الإجراء المحدد,اضغط على الزر لتعيين الإجراء المحدد,اضغط على الزر لتعيين الإجراء المحدد,اضغط على الزر لتعيين الإجراء المحدد,اضغط على الزر لتعيين الإجراء المحدد,اضغط على الزر لتعيين الإجراء المحدد,اضغط على الزر لتعيين الإجراء المحدد,اضغط على الزر لتعيين الإجراء المحدد,اضغط على الزر لتعيين الإجراء المحدد,اضغط على الزر لتعيين الإجراء المحدد,"Націсніце кнопку, каб прызначыць выбранае дзеянне","Націсніце кнопку, каб прызначыць выбранае дзеянне","Натиснете бутона, за да зададете избрано действие","Натиснете бутона, за да зададете избрано действие",নির্বাচিত ক্রিয়া বরাদ্দ করতে বোতাম টিপুন,নির্বাচিত ক্রিয়া বরাদ্দ করতে বোতাম টিপুন,নির্বাচিত ক্রিয়া বরাদ্দ করতে বোতাম টিপুন,Pritisnite dugme za dodjeljivanje odabrane radnje,Premeu el botó per assignar l'acció seleccionada,Premeu el botó per assignar l'acció seleccionada,Premeu el botó per assignar l'acció seleccionada,Premeu el botó per assignar l'acció seleccionada,Premeu el botó per assignar l'acció seleccionada,Stisknutím tlačítka přiřadíte vybranou akci,Stisknutím tlačítka přiřadíte vybranou akci,Tryk på knappen for at tildele den valgte handling,Tryk på knappen for at tildele den valgte handling,"Drücken Sie die Taste, um die ausgewählte Aktion zuzuweisen","Drücken Sie die Taste, um die ausgewählte Aktion zuzuweisen","Drücken Sie die Taste, um die ausgewählte Aktion zuzuweisen","Drücken Sie die Taste, um die ausgewählte Aktion zuzuweisen","Drücken Sie die Taste, um die ausgewählte Aktion zuzuweisen","Drücken Sie die Taste, um die ausgewählte Aktion zuzuweisen","Drücken Sie die Taste, um die ausgewählte Aktion zuzuweisen",Πατήστε το κουμπί για να εκχωρήσετε την επιλεγμένη ενέργεια,Πατήστε το κουμπί για να εκχωρήσετε την επιλεγμένη ενέργεια,Πατήστε το κουμπί για να εκχωρήσετε την επιλεγμένη ενέργεια,Press button to assign selected action,Press button to assign selected action,Press button to assign selected action,Press button to assign selected action,Press button to assign selected action,Press button to assign selected action,Press button to assign selected action,Press button to assign selected action,Press button to assign selected action,Press button to assign selected action,Press button to assign selected action,Press button to assign selected action,Press button to assign selected action,Press button to assign selected action,Press button to assign selected action,Press button to assign selected action,Press button to assign selected action,Press button to assign selected action,Press button to assign selected action,Premu butonon por atribui elektitan agon,Presione el botón para asignar la acción seleccionada,Presione el botón para asignar la acción seleccionada,Presione el botón para asignar la acción seleccionada,Presione el botón para asignar la acción seleccionada,Presione el botón para asignar la acción seleccionada,Presione el botón para asignar la acción seleccionada,Presione el botón para asignar la acción seleccionada,Presione el botón para asignar la acción seleccionada,Presione el botón para asignar la acción seleccionada,Presione el botón para asignar la acción seleccionada,Presione el botón para asignar la acción seleccionada,Presione el botón para asignar la acción seleccionada,Presione el botón para asignar la acción seleccionada,Presione el botón para asignar la acción seleccionada,Presione el botón para asignar la acción seleccionada,Presione el botón para asignar la acción seleccionada,Presione el botón para asignar la acción seleccionada,Presione el botón para asignar la acción seleccionada,Presione el botón para asignar la acción seleccionada,Presione el botón para asignar la acción seleccionada,Presione el botón para asignar la acción seleccionada,Presione el botón para asignar la acción seleccionada,Valitud toimingu määramiseks vajutage nuppu,Valitud toimingu määramiseks vajutage nuppu,Sakatu botoia hautatutako ekintza esleitzeko,Sakatu botoia hautatutako ekintza esleitzeko,برای اختصاص عملکرد انتخاب شده ، دکمه را فشار دهید,برای اختصاص عملکرد انتخاب شده ، دکمه را فشار دهید,Määritä valittu toiminto painamalla painiketta,Määritä valittu toiminto painamalla painiketta,Määritä valittu toiminto painamalla painiketta,Määritä valittu toiminto painamalla painiketta,Appuyez sur le bouton pour attribuer l'action sélectionnée,Appuyez sur le bouton pour attribuer l'action sélectionnée,Appuyez sur le bouton pour attribuer l'action sélectionnée,Appuyez sur le bouton pour attribuer l'action sélectionnée,Appuyez sur le bouton pour attribuer l'action sélectionnée,Appuyez sur le bouton pour attribuer l'action sélectionnée,Appuyez sur le bouton pour attribuer l'action sélectionnée,Appuyez sur le bouton pour attribuer l'action sélectionnée,Brúigh cnaipe chun gníomh roghnaithe a shannadh,Brúigh cnaipe chun gníomh roghnaithe a shannadh,לחץ על הלחצן כדי להקצות פעולה שנבחרה,לחץ על הלחצן כדי להקצות פעולה שנבחרה,Pritisnite gumb za dodjeljivanje odabrane radnje,Pritisnite gumb za dodjeljivanje odabrane radnje,Nyomja meg a gombot a kiválasztott művelet hozzárendeléséhez,Nyomja meg a gombot a kiválasztott művelet hozzárendeléséhez,Tekan tombol untuk menetapkan tindakan yang dipilih,Tekan tombol untuk menetapkan tindakan yang dipilih,Ýttu á hnappinn til að úthluta völdum aðgerð,Premere il pulsante per assegnare l'azione selezionata,Premere il pulsante per assegnare l'azione selezionata,Premere il pulsante per assegnare l'azione selezionata,ボタンを押して、選択したアクションを割り当てます,ボタンを押して、選択したアクションを割り当てます,"დააჭირეთ ღილაკს, რომ მინიშნოთ მოქმედება","დააჭირეთ ღილაკს, რომ მინიშნოთ მოქმედება",버튼을 눌러 선택한 작업을 할당합니다.,버튼을 눌러 선택한 작업을 할당합니다.,Bişkojkê bikirtînin da ku çalakiya bijartî destnîşan bikin,Bişkojkê bikirtînin da ku çalakiya bijartî destnîşan bikin,Притиснете го копчето за да доделите избрана акција,Притиснете го копчето за да доделите избрана акција,Tekan butang untuk menetapkan tindakan yang dipilih,Tekan butang untuk menetapkan tindakan yang dipilih,Agħfas il-buttuna biex tassenja l-azzjoni magħżula,Agħfas il-buttuna biex tassenja l-azzjoni magħżula,Druk op de knop om de geselecteerde actie toe te wijzen,Druk op de knop om de geselecteerde actie toe te wijzen,Druk op de knop om de geselecteerde actie toe te wijzen,Druk op de knop om de geselecteerde actie toe te wijzen,Trykk på knappen for å tilordne valgt handling,Trykk på knappen for å tilordne valgt handling,"Naciśnij przycisk, aby przypisać wybraną akcję","Naciśnij przycisk, aby przypisać wybraną akcję",Pressione o botão para atribuir a ação selecionada,Pressione o botão para atribuir a ação selecionada,Pressione o botão para atribuir a ação selecionada,Apăsați butonul pentru a atribui acțiunea selectată,Apăsați butonul pentru a atribui acțiunea selectată,"Нажмите кнопку, чтобы назначить выбранное действие","Нажмите кнопку, чтобы назначить выбранное действие","Нажмите кнопку, чтобы назначить выбранное действие",Stlačením tlačidla priraďte vybranú akciu,Stlačením tlačidla priraďte vybranú akciu,"Pritisnite gumb, da dodelite izbrano dejanje","Pritisnite gumb, da dodelite izbrano dejanje",Riix badhanka si aad ugu xilsaarto ficil la xushay,Riix badhanka si aad ugu xilsaarto ficil la xushay,Riix badhanka si aad ugu xilsaarto ficil la xushay,Riix badhanka si aad ugu xilsaarto ficil la xushay,Riix badhanka si aad ugu xilsaarto ficil la xushay,Shtypni butonin për të caktuar veprimin e zgjedhur,Shtypni butonin për të caktuar veprimin e zgjedhur,Shtypni butonin për të caktuar veprimin e zgjedhur,Shtypni butonin për të caktuar veprimin e zgjedhur,Притисните дугме за додељивање изабране радње,Притисните дугме за додељивање изабране радње,Притисните дугме за додељивање изабране радње,Притисните дугме за додељивање изабране радње,Притисните дугме за додељивање изабране радње,Tryck på knappen för att tilldela vald åtgärd,Tryck på knappen för att tilldela vald åtgärd,Tryck på knappen för att tilldela vald åtgärd,Seçilen eylemi atamak için düğmeye basın,Seçilen eylemi atamak için düğmeye basın,Seçilen eylemi atamak için düğmeye basın,"Натисніть кнопку, щоб призначити вибрану дію","Натисніть кнопку, щоб призначити вибрану дію",Nhấn nút để chỉ định hành động đã chọn,Nhấn nút để chỉ định hành động đã chọn,按下按钮分配选定的动作,按下按钮分配选定的动作,按下按钮分配选定的动作,按下按钮分配选定的动作,按下按钮分配选定的动作,按下按钮分配选定的动作
KEY_TEXT_OPTIONS_CONTROLS_PRIMARY,Primêr,خبرات,خبرات,خبرات,خبرات,خبرات,خبرات,خبرات,خبرات,خبرات,خبرات,خبرات,خبرات,خبرات,خبرات,خبرات,خبرات,خبرات,خبرات,خبرات,Першасная,Першасная,Основна,Основна,প্রাথমিক,প্রাথমিক,প্রাথমিক,Primarno,Primària,Primària,Primària,Primària,Primària,Hlavní,Hlavní,Primær,Primær,Primär,Primär,Primär,Primär,Primär,Primär,Primär,Πρωταρχικός,Πρωταρχικός,Πρωταρχικός,Primary,Primary,Primary,Primary,Primary,Primary,Primary,Primary,Primary,Primary,Primary,Primary,Primary,Primary,Primary,Primary,Primary,Primary,Primary,Primaraj,Primario,Primario,Primario,Primario,Primario,Primario,Primario,Primario,Primario,Primario,Primario,Primario,Primario,Primario,Primario,Primario,Primario,Primario,Primario,Primario,Primario,Primario,Esmane,Esmane,Lehen Hezkuntza,Lehen Hezkuntza,اولیه,اولیه,Ensisijainen,Ensisijainen,Ensisijainen,Ensisijainen,Primaire,Primaire,Primaire,Primaire,Primaire,Primaire,Primaire,Primaire,Bunscoile,Bunscoile,יְסוֹדִי,יְסוֹדִי,Primarni,Primarni,Elsődleges,Elsődleges,Utama,Utama,Grunnskóli,Primario,Primario,Primario,プライマリ,プライマリ,დაწყებითი,დაწყებითი,일 순위,일 순위,Bingehîn,Bingehîn,Основно,Основно,Utama,Utama,Primarja,Primarja,primair,primair,primair,primair,Hoved,Hoved,Podstawowy,Podstawowy,Primário,Primário,Primário,Primar,Primar,Начальный,Начальный,Начальный,Primárny,Primárny,Primarno,Primarno,Aasaasiga ah,Aasaasiga ah,Aasaasiga ah,Aasaasiga ah,Aasaasiga ah,Fillore,Fillore,Fillore,Fillore,Примарна,Примарна,Примарна,Примарна,Примарна,Primär,Primär,Primär,Birincil,Birincil,Birincil,Первинна,Первинна,Sơ cấp,Sơ cấp,基本的,基本的,基本的,基本的,基本的,基本的
KEY_TEXT_OPTIONS_CONTROLS_SECONDARY,Sekondêr,ثانوي,ثانوي,ثانوي,ثانوي,ثانوي,ثانوي,ثانوي,ثانوي,ثانوي,ثانوي,ثانوي,ثانوي,ثانوي,ثانوي,ثانوي,ثانوي,ثانوي,ثانوي,ثانوي,Другасная,Другасная,Втори,Втори,মাধ্যমিক,মাধ্যমিক,মাধ্যমিক,Sekundarni,Secundària,Secundària,Secundària,Secundària,Secundària,Sekundární,Sekundární,Sekundær,Sekundær,Sekundär,Sekundär,Sekundär,Sekundär,Sekundär,Sekundär,Sekundär,Δευτερεύων,Δευτερεύων,Δευτερεύων,Secondary,Secondary,Secondary,Secondary,Secondary,Secondary,Secondary,Secondary,Secondary,Secondary,Secondary,Secondary,Secondary,Secondary,Secondary,Secondary,Secondary,Secondary,Secondary,Malĉefa,Secundario,Secundario,Secundario,Secundario,Secundario,Secundario,Secundario,Secundario,Secundario,Secundario,Secundario,Secundario,Secundario,Secundario,Secundario,Secundario,Secundario,Secundario,Secundario,Secundario,Secundario,Secundario,Sekundaarne,Sekundaarne,Bigarren mailakoa,Bigarren mailakoa,ثانوی,ثانوی,Toissijainen,Toissijainen,Toissijainen,Toissijainen,Secondaire,Secondaire,Secondaire,Secondaire,Secondaire,Secondaire,Secondaire,Secondaire,Tánaisteach,Tánaisteach,מִשׁנִי,מִשׁנִי,Sekundarni,Sekundarni,Másodlagos,Másodlagos,Sekunder,Sekunder,Secondary,Secondario,Secondario,Secondario,二次,二次,საშუალო,საშუალო,중고등 학년,중고등 학년,Dûwemdor,Dûwemdor,Средно,Средно,Menengah,Menengah,Sekondarja,Sekondarja,Ondergeschikt,Ondergeschikt,Ondergeschikt,Ondergeschikt,Sekundær,Sekundær,Alternatywny,Alternatywny,Secundário,Secundário,Secundário,Secundar,Secundar,Вторичный,Вторичный,Вторичный,Sekundárne,Sekundárne,Sekundarni,Sekundarni,Dugsi Sare,Dugsi Sare,Dugsi Sare,Dugsi Sare,Dugsi Sare,Sekondar,Sekondar,Sekondar,Sekondar,Секундарни,Секундарни,Секундарни,Секундарни,Секундарни,Sekundär,Sekundär,Sekundär,İkincil,İkincil,İkincil,Вторинні,Вторинні,Thứ hai,Thứ hai,中学,中学,中学,中学,中学,中学
KEY_TEXT_OPTIONS_CONTROLS_JUMP,Spring,القفز,القفز,القفز,القفز,القفز,القفز,القفز,القفز,القفز,القفز,القفز,القفز,القفز,القفز,القفز,القفز,القفز,القفز,القفز,Перайсці,Перайсці,Скочи,Скочи,ঝাঁপ দাও,ঝাঁপ দাও,ঝাঁপ দাও,Skoči,Saltar,Saltar,Saltar,Saltar,Saltar,Skok,Skok,Hoppe,Hoppe,Springen,Springen,Springen,Springen,Springen,Springen,Springen,Αλμα,Αλμα,Αλμα,Jump,Jump,Jump,Jump,Jump,Jump,Jump,Jump,Jump,Jump,Jump,Jump,Jump,Jump,Jump,Jump,Jump,Jump,Jump,Saltu,Saltar,Saltar,Saltar,Saltar,Saltar,Saltar,Saltar,Saltar,Saltar,Saltar,Saltar,Saltar,Saltar,Saltar,Saltar,Saltar,Saltar,Saltar,Saltar,Saltar,Saltar,Saltar,Hüppa,Hüppa,Salto egin,Salto egin,پرش,پرش,Hypätä,Hypätä,Hypätä,Hypätä,Sauter,Sauter,Sauter,Sauter,Sauter,Sauter,Sauter,Sauter,Léim,Léim,קְפִיצָה,קְפִיצָה,Skok,Skok,Ugrás,Ugrás,Melompat,Melompat,Hoppaðu,Saltare,Saltare,Saltare,ジャンプ,ジャンプ,გადახტომა,გადახტომა,도약,도약,Helperkîn,Helperkîn,Скок,Скок,Lompat,Lompat,Aqbeż,Aqbeż,Springen,Springen,Springen,Springen,Hoppe,Hoppe,Skok,Skok,Pular,Pular,Pular,A sari,A sari,Прыгать,Прыгать,Прыгать,Skočiť,Skočiť,Skoči,Skoči,Bood,Bood,Bood,Bood,Bood,Kërcej,Kërcej,Kërcej,Kërcej,Скочи,Скочи,Скочи,Скочи,Скочи,Hoppa,Hoppa,Hoppa,atlama,atlama,atlama,Стрибати,Стрибати,Nhảy,Nhảy,跳,跳,跳,跳,跳,跳
KEY_TEXT_OPTIONS_CONTROLS_RIGHT,Reg,حق,حق,حق,حق,حق,حق,حق,حق,حق,حق,حق,حق,حق,حق,حق,حق,حق,حق,حق,Правільна,Правільна,Нали,Нали,ঠিক আছে,ঠিক আছে,ঠিক আছে,Tačno,Dret,Dret,Dret,Dret,Dret,Že jo,Že jo,Ret,Ret,Recht,Recht,Recht,Recht,Recht,Recht,Recht,σωστά,σωστά,σωστά,Right,Right,Right,Right,Right,Right,Right,Right,Right,Right,Right,Right,Right,Right,Right,Right,Right,Right,Right,Prave,Derecha,Derecha,Derecha,Derecha,Derecha,Derecha,Derecha,Derecha,Derecha,Derecha,Derecha,Derecha,Derecha,Derecha,Derecha,Derecha,Derecha,Derecha,Derecha,Derecha,Derecha,Derecha,Õige,Õige,Eskubidea,Eskubidea,درست,درست,Aivan,Aivan,Aivan,Aivan,Droite,Droite,Droite,Droite,Droite,Droite,Droite,Droite,Ceart,Ceart,ימין,ימין,Pravo,Pravo,Jobb,Jobb,Baik,Baik,Rétt,Giusto,Giusto,Giusto,正しい,正しい,მართალი,მართალი,권리,권리,Rast,Rast,Десно,Десно,Betul,Betul,Id-dritt,Id-dritt,Rechtsaf,Rechtsaf,Rechtsaf,Rechtsaf,Ikke sant,Ikke sant,Prawo,Prawo,Direito,Direito,Direito,Dreapta,Dreapta,Верно,Верно,Верно,Správny,Správny,Prav,Prav,Xaq,Xaq,Xaq,Xaq,Xaq,Djathtas,Djathtas,Djathtas,Djathtas,Јел тако,Јел тако,Јел тако,Јел тако,Јел тако,Rätt,Rätt,Rätt,Sağ,Sağ,Sağ,Правильно,Правильно,Đúng,Đúng,正确的,正确的,正确的,正确的,正确的,正确的
KEY_TEXT_OPTIONS_CONTROLS_LEFT,Links,غادر,غادر,غادر,غادر,غادر,غادر,غادر,غادر,غادر,غادر,غادر,غادر,غادر,غادر,غادر,غادر,غادر,غادر,غادر,Злева,Злева,Наляво,Наляво,বাম,বাম,বাম,Lijevo,Esquerra,Esquerra,Esquerra,Esquerra,Esquerra,"Vlevo, odjet","Vlevo, odjet",Venstre,Venstre,Links,Links,Links,Links,Links,Links,Links,Αριστερά,Αριστερά,Αριστερά,Left,Left,Left,Left,Left,Left,Left,Left,Left,Left,Left,Left,Left,Left,Left,Left,Left,Left,Left,Maldekstre,Izquierda,Izquierda,Izquierda,Izquierda,Izquierda,Izquierda,Izquierda,Izquierda,Izquierda,Izquierda,Izquierda,Izquierda,Izquierda,Izquierda,Izquierda,Izquierda,Izquierda,Izquierda,Izquierda,Izquierda,Izquierda,Izquierda,Vasakule,Vasakule,Ezkerra,Ezkerra,ترک کرد,ترک کرد,Vasen,Vasen,Vasen,Vasen,La gauche,La gauche,La gauche,La gauche,La gauche,La gauche,La gauche,La gauche,Ar chlé,Ar chlé,שמאלה,שמאלה,Lijevo,Lijevo,Bal,Bal,Kiri,Kiri,Vinstri,Sinistra,Sinistra,Sinistra,左,左,მარცხენა,მარცხენა,왼쪽,왼쪽,Çep,Çep,Лево,Лево,Dibiarkan,Dibiarkan,Xellug,Xellug,Links,Links,Links,Links,Venstre,Venstre,Lewo,Lewo,Deixou,Deixou,Deixou,Stânga,Stânga,Оставил,Оставил,Оставил,Vľavo,Vľavo,Levo,Levo,Bidix,Bidix,Bidix,Bidix,Bidix,Majtas,Majtas,Majtas,Majtas,Лево,Лево,Лево,Лево,Лево,Vänster,Vänster,Vänster,Ayrıldı,Ayrıldı,Ayrıldı,Ліворуч,Ліворуч,Trái,Trái,剩下,剩下,剩下,剩下,剩下,剩下
KEY_TEXT_OPTIONS_CONTROLS_DOWN,Af,تحت,تحت,تحت,تحت,تحت,تحت,تحت,تحت,تحت,تحت,تحت,تحت,تحت,تحت,تحت,تحت,تحت,تحت,تحت,Уніз,Уніз,Надолу,Надолу,নিচে,নিচে,নিচে,Dole,A baix,A baix,A baix,A baix,A baix,Dolů,Dolů,ned,ned,Nieder,Nieder,Nieder,Nieder,Nieder,Nieder,Nieder,Κάτω,Κάτω,Κάτω,Down,Down,Down,Down,Down,Down,Down,Down,Down,Down,Down,Down,Down,Down,Down,Down,Down,Down,Down,Malsupren,Abajo,Abajo,Abajo,Abajo,Abajo,Abajo,Abajo,Abajo,Abajo,Abajo,Abajo,Abajo,Abajo,Abajo,Abajo,Abajo,Abajo,Abajo,Abajo,Abajo,Abajo,Abajo,Alla,Alla,Behera,Behera,پایین,پایین,Alas,Alas,Alas,Alas,Vers le bas,Vers le bas,Vers le bas,Vers le bas,Vers le bas,Vers le bas,Vers le bas,Vers le bas,Síos,Síos,מטה,מטה,Dolje,Dolje,Le,Le,Turun,Turun,Niður,Giù,Giù,Giù,ダウン,ダウン,ძირს,ძირს,하위,하위,Jêr,Jêr,Долу,Долу,Ke bawah,Ke bawah,Isfel,Isfel,omlaag,omlaag,omlaag,omlaag,Ned,Ned,Dół,Dół,Baixa,Baixa,Baixa,Jos,Jos,Вниз,Вниз,Вниз,Dole,Dole,Dol,Dol,Hoos,Hoos,Hoos,Hoos,Hoos,Poshtë,Poshtë,Poshtë,Poshtë,Доле,Доле,Доле,Доле,Доле,Ner,Ner,Ner,Aşağı,Aşağı,Aşağı,Вниз,Вниз,Xuống,Xuống,下,下,下,下,下,下
KEY_TEXT_OPTIONS_CONTROLS_ASSIGNING,Druk op ESC om na die geselekteerde handeling te kanselleer,تحديد الإجراء المحدد ، اضغط على ESC للإلغاء,تحديد الإجراء المحدد ، اضغط على ESC للإلغاء,تحديد الإجراء المحدد ، اضغط على ESC للإلغاء,تحديد الإجراء المحدد ، اضغط على ESC للإلغاء,تحديد الإجراء المحدد ، اضغط على ESC للإلغاء,تحديد الإجراء المحدد ، اضغط على ESC للإلغاء,تحديد الإجراء المحدد ، اضغط على ESC للإلغاء,تحديد الإجراء المحدد ، اضغط على ESC للإلغاء,تحديد الإجراء المحدد ، اضغط على ESC للإلغاء,تحديد الإجراء المحدد ، اضغط على ESC للإلغاء,تحديد الإجراء المحدد ، اضغط على ESC للإلغاء,تحديد الإجراء المحدد ، اضغط على ESC للإلغاء,تحديد الإجراء المحدد ، اضغط على ESC للإلغاء,تحديد الإجراء المحدد ، اضغط على ESC للإلغاء,تحديد الإجراء المحدد ، اضغط على ESC للإلغاء,تحديد الإجراء المحدد ، اضغط على ESC للإلغاء,تحديد الإجراء المحدد ، اضغط على ESC للإلغاء,تحديد الإجراء المحدد ، اضغط على ESC للإلغاء,تحديد الإجراء المحدد ، اضغط على ESC للإلغاء,"Прызначаючы абранае дзеянне, націсніце ESC, каб адмяніць","Прызначаючы абранае дзеянне, націсніце ESC, каб адмяніць","Присвоявайки избрано действие, натиснете ESC, за да отмените","Присвоявайки избрано действие, натиснете ESC, за да отмените","নির্বাচিত পদক্ষেপের জন্য নির্ধারিত, বাতিল করতে ESC টিপুন","নির্বাচিত পদক্ষেপের জন্য নির্ধারিত, বাতিল করতে ESC টিপুন","নির্বাচিত পদক্ষেপের জন্য নির্ধারিত, বাতিল করতে ESC টিপুন","Dodjeljivanje odabranoj radnji, pritisnite ESC za poništavanje","Assignant l'acció seleccionada, premeu ESC per cancel·lar","Assignant l'acció seleccionada, premeu ESC per cancel·lar","Assignant l'acció seleccionada, premeu ESC per cancel·lar","Assignant l'acció seleccionada, premeu ESC per cancel·lar","Assignant l'acció seleccionada, premeu ESC per cancel·lar",Přiřazení k vybrané akci zrušíte stisknutím ESC,Přiřazení k vybrané akci zrušíte stisknutím ESC,Tilordnet den valgte handling skal du trykke på ESC for at annullere,Tilordnet den valgte handling skal du trykke på ESC for at annullere,"Ausgewählte Aktion zuweisen, zum Abbrechen ESC drücken","Ausgewählte Aktion zuweisen, zum Abbrechen ESC drücken","Ausgewählte Aktion zuweisen, zum Abbrechen ESC drücken","Ausgewählte Aktion zuweisen, zum Abbrechen ESC drücken","Ausgewählte Aktion zuweisen, zum Abbrechen ESC drücken","Ausgewählte Aktion zuweisen, zum Abbrechen ESC drücken","Ausgewählte Aktion zuweisen, zum Abbrechen ESC drücken","Ορισμός σε επιλεγμένη ενέργεια, πατήστε ESC για ακύρωση","Ορισμός σε επιλεγμένη ενέργεια, πατήστε ESC για ακύρωση","Ορισμός σε επιλεγμένη ενέργεια, πατήστε ESC για ακύρωση","Assigining to selected action, press ESC to cancel","Assigining to selected action, press ESC to cancel","Assigining to selected action, press ESC to cancel","Assigining to selected action, press ESC to cancel","Assigining to selected action, press ESC to cancel","Assigining to selected action, press ESC to cancel","Assigining to selected action, press ESC to cancel","Assigining to selected action, press ESC to cancel","Assigining to selected action, press ESC to cancel","Assigining to selected action, press ESC to cancel","Assigining to selected action, press ESC to cancel","Assigining to selected action, press ESC to cancel","Assigining to selected action, press ESC to cancel","Assigining to selected action, press ESC to cancel","Assigining to selected action, press ESC to cancel","Assigining to selected action, press ESC to cancel","Assigining to selected action, press ESC to cancel","Assigining to selected action, press ESC to cancel","Assigining to selected action, press ESC to cancel","Asignante al elektita ago, premu ESC por nuligi","Asignando a la acción seleccionada, presione ESC para cancelar","Asignando a la acción seleccionada, presione ESC para cancelar","Asignando a la acción seleccionada, presione ESC para cancelar","Asignando a la acción seleccionada, presione ESC para cancelar","Asignando a la acción seleccionada, presione ESC para cancelar","Asignando a la acción seleccionada, presione ESC para cancelar","Asignando a la acción seleccionada, presione ESC para cancelar","Asignando a la acción seleccionada, presione ESC para cancelar","Asignando a la acción seleccionada, presione ESC para cancelar","Asignando a la acción seleccionada, presione ESC para cancelar","Asignando a la acción seleccionada, presione ESC para cancelar","Asignando a la acción seleccionada, presione ESC para cancelar","Asignando a la acción seleccionada, presione ESC para cancelar","Asignando a la acción seleccionada, presione ESC para cancelar","Asignando a la acción seleccionada, presione ESC para cancelar","Asignando a la acción seleccionada, presione ESC para cancelar","Asignando a la acción seleccionada, presione ESC para cancelar","Asignando a la acción seleccionada, presione ESC para cancelar","Asignando a la acción seleccionada, presione ESC para cancelar","Asignando a la acción seleccionada, presione ESC para cancelar","Asignando a la acción seleccionada, presione ESC para cancelar","Asignando a la acción seleccionada, presione ESC para cancelar",Valitud toimingule määramiseks vajutage tühistamiseks ESC,Valitud toimingule määramiseks vajutage tühistamiseks ESC,"Aukeratutako ekintzari atxikita, sakatu ESC bertan behera uzteko","Aukeratutako ekintzari atxikita, sakatu ESC bertan behera uzteko",با انجام کار انتخاب شده ، ESC را فشار دهید تا لغو شود,با انجام کار انتخاب شده ، ESC را فشار دهید تا لغو شود,"Määritettäessä valittu toiminto, peruuta painamalla ESC","Määritettäessä valittu toiminto, peruuta painamalla ESC","Määritettäessä valittu toiminto, peruuta painamalla ESC","Määritettäessä valittu toiminto, peruuta painamalla ESC","Attribuer à l'action sélectionnée, appuyez sur ESC pour annuler","Attribuer à l'action sélectionnée, appuyez sur ESC pour annuler","Attribuer à l'action sélectionnée, appuyez sur ESC pour annuler","Attribuer à l'action sélectionnée, appuyez sur ESC pour annuler","Attribuer à l'action sélectionnée, appuyez sur ESC pour annuler","Attribuer à l'action sélectionnée, appuyez sur ESC pour annuler","Attribuer à l'action sélectionnée, appuyez sur ESC pour annuler","Attribuer à l'action sélectionnée, appuyez sur ESC pour annuler","Ag gabháil do ghníomh roghnaithe, brúigh ESC chun cealú","Ag gabháil do ghníomh roghnaithe, brúigh ESC chun cealú","המשך לפעולה שנבחרה, לחץ על ESC לביטול","המשך לפעולה שנבחרה, לחץ על ESC לביטול","Dodjeljivanje odabranoj radnji, pritisnite ESC za poništavanje","Dodjeljivanje odabranoj radnji, pritisnite ESC za poništavanje",A kiválasztott művelethez hozzárendelve nyomja meg az ESC gombot a törléshez,A kiválasztott művelethez hozzárendelve nyomja meg az ESC gombot a törléshez,"Menetapkan tindakan yang dipilih, tekan ESC untuk membatalkan","Menetapkan tindakan yang dipilih, tekan ESC untuk membatalkan","Til að velja valda aðgerð, ýttu á ESC til að hætta við","Assegnazione all'azione selezionata, premere ESC per annullare","Assegnazione all'azione selezionata, premere ESC per annullare","Assegnazione all'azione selezionata, premere ESC per annullare",選択したアクションに割り当て、ESCを押してキャンセルします,選択したアクションに割り当て、ESCを押してキャンセルします,"არჩეულ მოქმედებაზე გადასვლა, გასაუქმებლად დააჭირეთ ESC- ს","არჩეულ მოქმედებაზე გადასვლა, გასაუქმებლად დააჭირეთ ESC- ს",선택한 작업을 지정합니다. 취소하려면 Esc 키를 누르세요.,선택한 작업을 지정합니다. 취소하려면 Esc 키를 누르세요.,"Sazkirina çalakiya bijartî, ESC-ê bişkînin ku betal bike","Sazkirina çalakiya bijartî, ESC-ê bişkînin ku betal bike","Доделување на избрано дејство, притиснете ESC за откажување","Доделување на избрано дејство, притиснете ESC за откажување","Menetapkan tindakan yang dipilih, tekan ESC untuk membatalkan","Menetapkan tindakan yang dipilih, tekan ESC untuk membatalkan","Waqt li tassenja għal azzjoni magħżula, agħfas ESC biex tikkanċella","Waqt li tassenja għal azzjoni magħżula, agħfas ESC biex tikkanċella","Toewijzen aan geselecteerde actie, druk op ESC om te annuleren","Toewijzen aan geselecteerde actie, druk op ESC om te annuleren","Toewijzen aan geselecteerde actie, druk op ESC om te annuleren","Toewijzen aan geselecteerde actie, druk op ESC om te annuleren","Tilordnet valgt handling, trykk ESC for å avbryte","Tilordnet valgt handling, trykk ESC for å avbryte","Przypisywanie do wybranej akcji, naciśnij ESC, aby anulować","Przypisywanie do wybranej akcji, naciśnij ESC, aby anulować","Atribuindo a ação selecionada, pressione ESC para cancelar","Atribuindo a ação selecionada, pressione ESC para cancelar","Atribuindo a ação selecionada, pressione ESC para cancelar","Alocându-vă acțiunii selectate, apăsați ESC pentru a anula","Alocându-vă acțiunii selectate, apăsați ESC pentru a anula","Назначив выбранное действие, нажмите ESC для отмены","Назначив выбранное действие, нажмите ESC для отмены","Назначив выбранное действие, нажмите ESC для отмены",Priradením k vybranej akcii akciu zrušíte stlačením klávesu ESC,Priradením k vybranej akcii akciu zrušíte stlačením klávesu ESC,"Če dodelite izbrano dejanje, pritisnite ESC za preklic","Če dodelite izbrano dejanje, pritisnite ESC za preklic","Markaad kuxirantahay ficil la xushay, riix ESC si aad u joojiso","Markaad kuxirantahay ficil la xushay, riix ESC si aad u joojiso","Markaad kuxirantahay ficil la xushay, riix ESC si aad u joojiso","Markaad kuxirantahay ficil la xushay, riix ESC si aad u joojiso","Markaad kuxirantahay ficil la xushay, riix ESC si aad u joojiso","Duke caktuar veprimin e zgjedhur, shtypni ESC për ta anuluar","Duke caktuar veprimin e zgjedhur, shtypni ESC për ta anuluar","Duke caktuar veprimin e zgjedhur, shtypni ESC për ta anuluar","Duke caktuar veprimin e zgjedhur, shtypni ESC për ta anuluar","Додељујући изабраној радњи, притисните ЕСЦ да бисте је отказали","Додељујући изабраној радњи, притисните ЕСЦ да бисте је отказали","Додељујући изабраној радњи, притисните ЕСЦ да бисте је отказали","Додељујући изабраној радњи, притисните ЕСЦ да бисте је отказали","Додељујући изабраној радњи, притисните ЕСЦ да бисте је отказали","Anslut till vald åtgärd, tryck på ESC för att avbryta","Anslut till vald åtgärd, tryck på ESC för att avbryta","Anslut till vald åtgärd, tryck på ESC för att avbryta","Seçilen eyleme atanırken, iptal etmek için ESC'ye basın","Seçilen eyleme atanırken, iptal etmek için ESC'ye basın","Seçilen eyleme atanırken, iptal etmek için ESC'ye basın","Призначивши вибрану дію, натисніть ESC, щоб скасувати","Призначивши вибрану дію, натисніть ESC, щоб скасувати","Chỉ định hành động đã chọn, nhấn ESC để hủy","Chỉ định hành động đã chọn, nhấn ESC để hủy",分配到选定的动作，按 ESC 取消,分配到选定的动作，按 ESC 取消,分配到选定的动作，按 ESC 取消,分配到选定的动作，按 ESC 取消,分配到选定的动作，按 ESC 取消,分配到选定的动作，按 ESC 取消
