z,af,ar,ar_AE,ar_BH,ar_DZ,ar_EG,ar_IQ,ar_JO,ar_KW,ar_LB,ar_LY,ar_MA,ar_OM,ar_QA,ar_SA,ar_SD,ar_SS,ar_SY,ar_TN,ar_YE,be,be_BY,bg,bg_BG,bn,bn_BD,bn_IN,bs_BA,ca,ca_AD,ca_ES,ca_FR,ca_IT,cs,cs_CZ,da,da_DK,de,de_AT,de_BE,de_CH,de_DE,de_IT,de_LU,el,el_CY,el_GR,en,en_AG,en_AU,en_BW,en_CA,en_DK,en_GB,en_HK,en_IE,en_IL,en_IN,en_NG,en_NZ,en_PH,en_SG,en_US,en_ZA,en_ZM,en_ZW,eo,es,es_AR,es_BO,es_CL,es_CO,es_CR,es_CU,es_DO,es_EC,es_ES,es_GT,es_HN,es_MX,es_NI,es_PA,es_PE,es_PR,es_PY,es_SV,es_US,es_UY,es_VE,et,et_EE,eu,eu_ES,fa,fa_IR,fi,fi_FI,fil,fil_PH,fr,fr_BE,fr_CA,fr_CH,fr_FR,fr_LU,fy_DE,fy_NL,ga,ga_IE,he,he_IL,hr,hr_HR,hu,hu_HU,id,id_ID,is,it,it_CH,it_IT,ja,ja_JP,ka,ka_GE,ko,ko_KR,ku,ku_TR,mk,mk_MK,ms,ms_MY,mt,mt_MT,nl,nl_AW,nl_BE,nl_NL,nn,nn_NO,pl,pl_PL,pt,pt_BR,pt_PT,ro,ro_RO,ru,ru_RU,ru_UA,sk,sk_SK,sl,sl_SI,so,so_DJ,so_ET,so_KE,so_SO,sq,sq_AL,sq_KV,sq_MK,sr,sr_Cyrl,sr_Latn,sr_ME,sr_RS,sv,sv_FI,sv_SE,tr,tr_CY,tr_TR,uk,uk_UA,vi,vi_VN,zh,zh_CN,zh_HK,zh_SG,zh_TW,zu_ZA
KEY_TEXT_DELETE_SAVE_CONFIRM,Wil jy regtig daardie stoor uitvee?,هل تريد حقًا حذف هذا الحفظ؟,هل تريد حقًا حذف هذا الحفظ؟,هل تريد حقًا حذف هذا الحفظ؟,هل تريد حقًا حذف هذا الحفظ؟,هل تريد حقًا حذف هذا الحفظ؟,هل تريد حقًا حذف هذا الحفظ؟,هل تريد حقًا حذف هذا الحفظ؟,هل تريد حقًا حذف هذا الحفظ؟,هل تريد حقًا حذف هذا الحفظ؟,هل تريد حقًا حذف هذا الحفظ؟,هل تريد حقًا حذف هذا الحفظ؟,هل تريد حقًا حذف هذا الحفظ؟,هل تريد حقًا حذف هذا الحفظ؟,هل تريد حقًا حذف هذا الحفظ؟,هل تريد حقًا حذف هذا الحفظ؟,هل تريد حقًا حذف هذا الحفظ؟,هل تريد حقًا حذف هذا الحفظ؟,هل تريد حقًا حذف هذا الحفظ؟,هل تريد حقًا حذف هذا الحفظ؟,Вы сапраўды хочаце выдаліць гэтае захаванне?,Вы сапраўды хочаце выдаліць гэтае захаванне?,Наистина ли искате да изтриете това записване?,Наистина ли искате да изтриете това записване?,আপনি সত্যিই যে সংরক্ষণ মুছে ফেলতে চান?,আপনি সত্যিই যে সংরক্ষণ মুছে ফেলতে চান?,আপনি সত্যিই যে সংরক্ষণ মুছে ফেলতে চান?,Da li stvarno želite da izbrišete to spremanje?,,,,,,,,,,,,,,,,,,,,Do You really wanna delete that save?,Do You really wanna delete that save?,Do You really wanna delete that save?,Do You really wanna delete that save?,Do You really wanna delete that save?,Do You really wanna delete that save?,Do You really wanna delete that save?,Do You really wanna delete that save?,Do You really wanna delete that save?,Do You really wanna delete that save?,Do You really wanna delete that save?,Do You really wanna delete that save?,Do You really wanna delete that save?,Do You really wanna delete that save?,Do You really wanna delete that save?,Do You really wanna delete that save?,Do You really wanna delete that save?,Do You really wanna delete that save?,Do You really wanna delete that save?,,,,,,,,,,,,,,,,,,,,,,,,,,,,,,,,,,,,,,,,,,,,,,,,,,,,,,,,,,,,,,,,,,,,,,,,,,,,Czy na pewno chcesz usunąć ten zapis?,Czy na pewno chcesz usunąć ten zapis?,,,,,,,,,,,,,,,,,,,,,,,,,,,,,,,,,,,,,,,,,,
KEY_CUTSCENE_3_1,"Wat…
Wat is dit?!",ماذا .. ما هذا ؟!,ماذا .. ما هذا ؟!,ماذا .. ما هذا ؟!,ماذا .. ما هذا ؟!,ماذا .. ما هذا ؟!,ماذا .. ما هذا ؟!,ماذا .. ما هذا ؟!,ماذا .. ما هذا ؟!,ماذا .. ما هذا ؟!,ماذا .. ما هذا ؟!,ماذا .. ما هذا ؟!,ماذا .. ما هذا ؟!,ماذا .. ما هذا ؟!,ماذا .. ما هذا ؟!,ماذا .. ما هذا ؟!,ماذا .. ما هذا ؟!,ماذا .. ما هذا ؟!,ماذا .. ما هذا ؟!,ماذا .. ما هذا ؟!,Што... Што гэта?!,Што... Што гэта?!,Какво... Какво е това?!,Какво... Какво е това?!,কি... এটা কি?!,কি... এটা কি?!,কি... এটা কি?!,Šta... Šta je to?!,,,,,,,,,,,,,,,,,,,,What... What is that?!,What... What is that?!,What... What is that?!,What... What is that?!,What... What is that?!,What... What is that?!,What... What is that?!,What... What is that?!,What... What is that?!,What... What is that?!,What... What is that?!,What... What is that?!,What... What is that?!,What... What is that?!,What... What is that?!,What... What is that?!,What... What is that?!,What... What is that?!,What... What is that?!,,,,,,,,,,,,,,,,,,,,,,,,,,,,,,,,,,,,,,,,,,,,,,,,,,,,,,,,,,,,,,,,,,,,,,,,,,,,"Co…
Co to jest?!","Co…
Co to jest?!",,,,,,,,,,,,,,,,,,,,,,,,,,,,,,,,,,,,,,,,,,
KEY_CUTSCENE_3_2,"Waar ek is... ?
Goed, ou... Daar is niks om oor bekommerd te wees nie.",أين أنا... ؟ حسنًا ، يا صاح ... لا يوجد شيء يدعو للقلق.,أين أنا... ؟ حسنًا ، يا صاح ... لا يوجد شيء يدعو للقلق.,أين أنا... ؟ حسنًا ، يا صاح ... لا يوجد شيء يدعو للقلق.,أين أنا... ؟ حسنًا ، يا صاح ... لا يوجد شيء يدعو للقلق.,أين أنا... ؟ حسنًا ، يا صاح ... لا يوجد شيء يدعو للقلق.,أين أنا... ؟ حسنًا ، يا صاح ... لا يوجد شيء يدعو للقلق.,أين أنا... ؟ حسنًا ، يا صاح ... لا يوجد شيء يدعو للقلق.,أين أنا... ؟ حسنًا ، يا صاح ... لا يوجد شيء يدعو للقلق.,أين أنا... ؟ حسنًا ، يا صاح ... لا يوجد شيء يدعو للقلق.,أين أنا... ؟ حسنًا ، يا صاح ... لا يوجد شيء يدعو للقلق.,أين أنا... ؟ حسنًا ، يا صاح ... لا يوجد شيء يدعو للقلق.,أين أنا... ؟ حسنًا ، يا صاح ... لا يوجد شيء يدعو للقلق.,أين أنا... ؟ حسنًا ، يا صاح ... لا يوجد شيء يدعو للقلق.,أين أنا... ؟ حسنًا ، يا صاح ... لا يوجد شيء يدعو للقلق.,أين أنا... ؟ حسنًا ، يا صاح ... لا يوجد شيء يدعو للقلق.,أين أنا... ؟ حسنًا ، يا صاح ... لا يوجد شيء يدعو للقلق.,أين أنا... ؟ حسنًا ، يا صاح ... لا يوجد شيء يدعو للقلق.,أين أنا... ؟ حسنًا ، يا صاح ... لا يوجد شيء يدعو للقلق.,أين أنا... ؟ حسنًا ، يا صاح ... لا يوجد شيء يدعو للقلق.,"Дзе я...? Добра, чувак... Няма пра што турбавацца.","Дзе я...? Добра, чувак... Няма пра што турбавацца.","Къде се намирам... ? Добре, пич... Няма за какво да се притесняваш.","Къде се намирам... ? Добре, пич... Няма за какво да се притесняваш.","আমি কোথায়... ? ঠিক আছে, দোস্ত... চিন্তিত হওয়ার কিছু নেই।","আমি কোথায়... ? ঠিক আছে, দোস্ত... চিন্তিত হওয়ার কিছু নেই।","আমি কোথায়... ? ঠিক আছে, দোস্ত... চিন্তিত হওয়ার কিছু নেই।","Gdje sam... ? Dobro, druže... Nemaš razloga za brigu.",,,,,,,,,,,,,,,,,,,,"Where I am... ?
Okay, dude... There's nothing to be worried about.","Where I am... ?
Okay, dude... There's nothing to be worried about.","Where I am... ?
Okay, dude... There's nothing to be worried about.","Where I am... ?
Okay, dude... There's nothing to be worried about.","Where I am... ?
Okay, dude... There's nothing to be worried about.","Where I am... ?
Okay, dude... There's nothing to be worried about.","Where I am... ?
Okay, dude... There's nothing to be worried about.","Where I am... ?
Okay, dude... There's nothing to be worried about.","Where I am... ?
Okay, dude... There's nothing to be worried about.","Where I am... ?
Okay, dude... There's nothing to be worried about.","Where I am... ?
Okay, dude... There's nothing to be worried about.","Where I am... ?
Okay, dude... There's nothing to be worried about.","Where I am... ?
Okay, dude... There's nothing to be worried about.","Where I am... ?
Okay, dude... There's nothing to be worried about.","Where I am... ?
Okay, dude... There's nothing to be worried about.","Where I am... ?
Okay, dude... There's nothing to be worried about.","Where I am... ?
Okay, dude... There's nothing to be worried about.","Where I am... ?
Okay, dude... There's nothing to be worried about.","Where I am... ?
Okay, dude... There's nothing to be worried about.",,,,,,,,,,,,,,,,,,,,,,,,,,,,,,,,,,,,,,,,,,,,,,,,,,,,,,,,,,,,,,,,,,,,,,,,,,,,"Gdzie jestem...?
Dobra, stary... Nie ma się czym martwić.","Gdzie jestem...?
Dobra, stary... Nie ma się czym martwić.",,,,,,,,,,,,,,,,,,,,,,,,,,,,,,,,,,,,,,,,,,
KEY_CUTSCENE_3_3,Kom ons kom net daar weg.,فقط دعنا نخرج من هناك.,فقط دعنا نخرج من هناك.,فقط دعنا نخرج من هناك.,فقط دعنا نخرج من هناك.,فقط دعنا نخرج من هناك.,فقط دعنا نخرج من هناك.,فقط دعنا نخرج من هناك.,فقط دعنا نخرج من هناك.,فقط دعنا نخرج من هناك.,فقط دعنا نخرج من هناك.,فقط دعنا نخرج من هناك.,فقط دعنا نخرج من هناك.,فقط دعنا نخرج من هناك.,فقط دعنا نخرج من هناك.,فقط دعنا نخرج من هناك.,فقط دعنا نخرج من هناك.,فقط دعنا نخرج من هناك.,فقط دعنا نخرج من هناك.,فقط دعنا نخرج من هناك.,Проста давай выйдзем адтуль.,Проста давай выйдзем адтуль.,Просто нека се махнем оттам.,Просто нека се махнем оттам.,ওখান থেকে বের হওয়া যাক।,ওখান থেকে বের হওয়া যাক।,ওখান থেকে বের হওয়া যাক।,Samo idemo odatle.,,,,,,,,,,,,,,,,,,,,Just let's get out of there.,Just let's get out of there.,Just let's get out of there.,Just let's get out of there.,Just let's get out of there.,Just let's get out of there.,Just let's get out of there.,Just let's get out of there.,Just let's get out of there.,Just let's get out of there.,Just let's get out of there.,Just let's get out of there.,Just let's get out of there.,Just let's get out of there.,Just let's get out of there.,Just let's get out of there.,Just let's get out of there.,Just let's get out of there.,Just let's get out of there.,,,,,,,,,,,,,,,,,,,,,,,,,,,,,,,,,,,,,,,,,,,,,,,,,,,,,,,,,,,,,,,,,,,,,,,,,,,,Po prostu wynośmy się stamtąd.,Po prostu wynośmy się stamtąd.,,,,,,,,,,,,,,,,,,,,,,,,,,,,,,,,,,,,,,,,,,
KEY_CUTSCENE_2_1,"Hmm …
Daar is meer van daardie baie vreemde plek …",حسنًا ... هناك المزيد من هذا المكان الغريب جدًا ...,حسنًا ... هناك المزيد من هذا المكان الغريب جدًا ...,حسنًا ... هناك المزيد من هذا المكان الغريب جدًا ...,حسنًا ... هناك المزيد من هذا المكان الغريب جدًا ...,حسنًا ... هناك المزيد من هذا المكان الغريب جدًا ...,حسنًا ... هناك المزيد من هذا المكان الغريب جدًا ...,حسنًا ... هناك المزيد من هذا المكان الغريب جدًا ...,حسنًا ... هناك المزيد من هذا المكان الغريب جدًا ...,حسنًا ... هناك المزيد من هذا المكان الغريب جدًا ...,حسنًا ... هناك المزيد من هذا المكان الغريب جدًا ...,حسنًا ... هناك المزيد من هذا المكان الغريب جدًا ...,حسنًا ... هناك المزيد من هذا المكان الغريب جدًا ...,حسنًا ... هناك المزيد من هذا المكان الغريب جدًا ...,حسنًا ... هناك المزيد من هذا المكان الغريب جدًا ...,حسنًا ... هناك المزيد من هذا المكان الغريب جدًا ...,حسنًا ... هناك المزيد من هذا المكان الغريب جدًا ...,حسنًا ... هناك المزيد من هذا المكان الغريب جدًا ...,حسنًا ... هناك المزيد من هذا المكان الغريب جدًا ...,حسنًا ... هناك المزيد من هذا المكان الغريب جدًا ...,Хм... Ёсць яшчэ такое дзіўнае месца...,Хм... Ёсць яшчэ такое дзіўнае месца...,Хм... Има още от това много странно място...,Хм... Има още от това много странно място...,হুম... এমন আরও অদ্ভুত জায়গা আছে...,হুম... এমন আরও অদ্ভুত জায়গা আছে...,হুম... এমন আরও অদ্ভুত জায়গা আছে...,Hmm… Ima još onog veoma čudnog mesta...,,,,,,,,,,,,,,,,,,,,"Hmm…
There's more of that very strange place...","Hmm…
There's more of that very strange place...","Hmm…
There's more of that very strange place...","Hmm…
There's more of that very strange place...","Hmm…
There's more of that very strange place...","Hmm…
There's more of that very strange place...","Hmm…
There's more of that very strange place...","Hmm…
There's more of that very strange place...","Hmm…
There's more of that very strange place...","Hmm…
There's more of that very strange place...","Hmm…
There's more of that very strange place...","Hmm…
There's more of that very strange place...","Hmm…
There's more of that very strange place...","Hmm…
There's more of that very strange place...","Hmm…
There's more of that very strange place...","Hmm…
There's more of that very strange place...","Hmm…
There's more of that very strange place...","Hmm…
There's more of that very strange place...","Hmm…
There's more of that very strange place...",,,,,,,,,,,,,,,,,,,,,,,,,,,,,,,,,,,,,,,,,,,,,,,,,,,,,,,,,,,,,,,,,,,,,,,,,,,,"Hmm…
Jest więcej tego bardzo dziwnego miejsca…","Hmm…
Jest więcej tego bardzo dziwnego miejsca…",,,,,,,,,,,,,,,,,,,,,,,,,,,,,,,,,,,,,,,,,,
KEY_CUTSCENE_1_4,Vreemde plek...,مكان غريب...,مكان غريب...,مكان غريب...,مكان غريب...,مكان غريب...,مكان غريب...,مكان غريب...,مكان غريب...,مكان غريب...,مكان غريب...,مكان غريب...,مكان غريب...,مكان غريب...,مكان غريب...,مكان غريب...,مكان غريب...,مكان غريب...,مكان غريب...,مكان غريب...,Дзіўнае месца...,Дзіўнае месца...,Странно място...,Странно място...,অদ্ভুত জায়গা...,অদ্ভুত জায়গা...,অদ্ভুত জায়গা...,Čudno mjesto...,,,,,,,,,,,,,,,,,,,,Strange place...,Strange place...,Strange place...,Strange place...,Strange place...,Strange place...,Strange place...,Strange place...,Strange place...,Strange place...,Strange place...,Strange place...,Strange place...,Strange place...,Strange place...,Strange place...,Strange place...,Strange place...,Strange place...,,,,,,,,,,,,,,,,,,,,,,,,,,,,,,,,,,,,,,,,,,,,,,,,,,,,,,,,,,,,,,,,,,,,,,,,,,,,Dziwne miejsce...,Dziwne miejsce...,,,,,,,,,,,,,,,,,,,,,,,,,,,,,,,,,,,,,,,,,,
KEY_CUTSCENE_1_3,Ek was nog nooit hier nie...,لم أكن هنا من قبل ...,لم أكن هنا من قبل ...,لم أكن هنا من قبل ...,لم أكن هنا من قبل ...,لم أكن هنا من قبل ...,لم أكن هنا من قبل ...,لم أكن هنا من قبل ...,لم أكن هنا من قبل ...,لم أكن هنا من قبل ...,لم أكن هنا من قبل ...,لم أكن هنا من قبل ...,لم أكن هنا من قبل ...,لم أكن هنا من قبل ...,لم أكن هنا من قبل ...,لم أكن هنا من قبل ...,لم أكن هنا من قبل ...,لم أكن هنا من قبل ...,لم أكن هنا من قبل ...,لم أكن هنا من قبل ...,Я ніколі тут не быў...,Я ніколі тут не быў...,никога не съм бил тук...,никога не съм бил тук...,আমি এখানে কখনো আসিনি...,আমি এখানে কখনো আসিনি...,আমি এখানে কখনো আসিনি...,nikad nisam bio ovdje...,,,,,,,,,,,,,,,,,,,,I've never been here...,I've never been here...,I've never been here...,I've never been here...,I've never been here...,I've never been here...,I've never been here...,I've never been here...,I've never been here...,I've never been here...,I've never been here...,I've never been here...,I've never been here...,I've never been here...,I've never been here...,I've never been here...,I've never been here...,I've never been here...,I've never been here...,,,,,,,,,,,,,,,,,,,,,,,,,,,,,,,,,,,,,,,,,,,,,,,,,,,,,,,,,,,,,,,,,,,,,,,,,,,,Nigdy tu nie byłem...,Nigdy tu nie byłem...,,,,,,,,,,,,,,,,,,,,,,,,,,,,,,,,,,,,,,,,,,
KEY_CUTSCENE_1_2,Ek beter gaan...,من الأفضل أن أذهب ...,من الأفضل أن أذهب ...,من الأفضل أن أذهب ...,من الأفضل أن أذهب ...,من الأفضل أن أذهب ...,من الأفضل أن أذهب ...,من الأفضل أن أذهب ...,من الأفضل أن أذهب ...,من الأفضل أن أذهب ...,من الأفضل أن أذهب ...,من الأفضل أن أذهب ...,من الأفضل أن أذهب ...,من الأفضل أن أذهب ...,من الأفضل أن أذهب ...,من الأفضل أن أذهب ...,من الأفضل أن أذهب ...,من الأفضل أن أذهب ...,من الأفضل أن أذهب ...,من الأفضل أن أذهب ...,Я лепш пайду...,Я лепш пайду...,по-добре да отида...,по-добре да отида...,আমি ভাল যেতে চাই...,আমি ভাল যেতে চাই...,আমি ভাল যেতে চাই...,bolje da idem...,,,,,,,,,,,,,,,,,,,,I'd better go...,I'd better go...,I'd better go...,I'd better go...,I'd better go...,I'd better go...,I'd better go...,I'd better go...,I'd better go...,I'd better go...,I'd better go...,I'd better go...,I'd better go...,I'd better go...,I'd better go...,I'd better go...,I'd better go...,I'd better go...,I'd better go...,,,,,,,,,,,,,,,,,,,,,,,,,,,,,,,,,,,,,,,,,,,,,,,,,,,,,,,,,,,,,,,,,,,,,,,,,,,,Lepiej pójdę stąd…,Lepiej pójdę stąd…,,,,,,,,,,,,,,,,,,,,,,,,,,,,,,,,,,,,,,,,,,
KEY_CUTSCENE_1_1,"Dit lyk of daar net een uitweg hieruit is.
Kom ons gaan kyk wat volgende gebeur",يبدو أن هناك طريقة واحدة فقط للخروج من هنا. دعنا نذهب ونرى ما سيحدث بعد ذلك,يبدو أن هناك طريقة واحدة فقط للخروج من هنا. دعنا نذهب ونرى ما سيحدث بعد ذلك,يبدو أن هناك طريقة واحدة فقط للخروج من هنا. دعنا نذهب ونرى ما سيحدث بعد ذلك,يبدو أن هناك طريقة واحدة فقط للخروج من هنا. دعنا نذهب ونرى ما سيحدث بعد ذلك,يبدو أن هناك طريقة واحدة فقط للخروج من هنا. دعنا نذهب ونرى ما سيحدث بعد ذلك,يبدو أن هناك طريقة واحدة فقط للخروج من هنا. دعنا نذهب ونرى ما سيحدث بعد ذلك,يبدو أن هناك طريقة واحدة فقط للخروج من هنا. دعنا نذهب ونرى ما سيحدث بعد ذلك,يبدو أن هناك طريقة واحدة فقط للخروج من هنا. دعنا نذهب ونرى ما سيحدث بعد ذلك,يبدو أن هناك طريقة واحدة فقط للخروج من هنا. دعنا نذهب ونرى ما سيحدث بعد ذلك,يبدو أن هناك طريقة واحدة فقط للخروج من هنا. دعنا نذهب ونرى ما سيحدث بعد ذلك,يبدو أن هناك طريقة واحدة فقط للخروج من هنا. دعنا نذهب ونرى ما سيحدث بعد ذلك,يبدو أن هناك طريقة واحدة فقط للخروج من هنا. دعنا نذهب ونرى ما سيحدث بعد ذلك,يبدو أن هناك طريقة واحدة فقط للخروج من هنا. دعنا نذهب ونرى ما سيحدث بعد ذلك,يبدو أن هناك طريقة واحدة فقط للخروج من هنا. دعنا نذهب ونرى ما سيحدث بعد ذلك,يبدو أن هناك طريقة واحدة فقط للخروج من هنا. دعنا نذهب ونرى ما سيحدث بعد ذلك,يبدو أن هناك طريقة واحدة فقط للخروج من هنا. دعنا نذهب ونرى ما سيحدث بعد ذلك,يبدو أن هناك طريقة واحدة فقط للخروج من هنا. دعنا نذهب ونرى ما سيحدث بعد ذلك,يبدو أن هناك طريقة واحدة فقط للخروج من هنا. دعنا نذهب ونرى ما سيحدث بعد ذلك,يبدو أن هناك طريقة واحدة فقط للخروج من هنا. دعنا نذهب ونرى ما سيحدث بعد ذلك,"Падобна на тое, што ёсць толькі адзін выхад адсюль. Пойдзем паглядзім, што будзе далей","Падобна на тое, што ёсць толькі адзін выхад адсюль. Пойдзем паглядзім, што будзе далей","Изглежда, че има само един изход оттук. Да отидем да видим какво ще стане след това","Изглежда, че има само един изход оттук. Да отидем да видим какво ще стане след това",মনে হচ্ছে এখান থেকে বেরিয়ে আসার একটাই পথ আছে। চলুন গিয়ে দেখি এরপর কি হয়,মনে হচ্ছে এখান থেকে বেরিয়ে আসার একটাই পথ আছে। চলুন গিয়ে দেখি এরপর কি হয়,মনে হচ্ছে এখান থেকে বেরিয়ে আসার একটাই পথ আছে। চলুন গিয়ে দেখি এরপর কি হয়,Izgleda da postoji samo jedan izlaz odavde. Hajde da vidimo šta će biti dalje,,,,,,,,,,,,,,,,,,,,"It looks like there is only one way out of here.
Let's go and see what happens next","It looks like there is only one way out of here.
Let's go and see what happens next","It looks like there is only one way out of here.
Let's go and see what happens next","It looks like there is only one way out of here.
Let's go and see what happens next","It looks like there is only one way out of here.
Let's go and see what happens next","It looks like there is only one way out of here.
Let's go and see what happens next","It looks like there is only one way out of here.
Let's go and see what happens next","It looks like there is only one way out of here.
Let's go and see what happens next","It looks like there is only one way out of here.
Let's go and see what happens next","It looks like there is only one way out of here.
Let's go and see what happens next","It looks like there is only one way out of here.
Let's go and see what happens next","It looks like there is only one way out of here.
Let's go and see what happens next","It looks like there is only one way out of here.
Let's go and see what happens next","It looks like there is only one way out of here.
Let's go and see what happens next","It looks like there is only one way out of here.
Let's go and see what happens next","It looks like there is only one way out of here.
Let's go and see what happens next","It looks like there is only one way out of here.
Let's go and see what happens next","It looks like there is only one way out of here.
Let's go and see what happens next","It looks like there is only one way out of here.
Let's go and see what happens next",,,,,,,,,,,,,,,,,,,,,,,,,,,,,,,,,,,,,,,,,,,,,,,,,,,,,,,,,,,,,,,,,,,,,,,,,,,,"Wygląda na to, że jest tylko jedno wyjście.
Chodźmy zobaczyć, co będzie dalej","Wygląda na to, że jest tylko jedno wyjście.
Chodźmy zobaczyć, co będzie dalej",,,,,,,,,,,,,,,,,,,,,,,,,,,,,,,,,,,,,,,,,,
KEY_COINS_TEXT,MUNTE:,عملات معدنية:,عملات معدنية:,عملات معدنية:,عملات معدنية:,عملات معدنية:,عملات معدنية:,عملات معدنية:,عملات معدنية:,عملات معدنية:,عملات معدنية:,عملات معدنية:,عملات معدنية:,عملات معدنية:,عملات معدنية:,عملات معدنية:,عملات معدنية:,عملات معدنية:,عملات معدنية:,عملات معدنية:,МАНЕТЫ:,МАНЕТЫ:,МОНЕТИ:,МОНЕТИ:,কয়েন:,কয়েন:,কয়েন:,KOVANICE:,,,,,,,,,,,,,,,,,,,,COINS:,COINS:,COINS:,COINS:,COINS:,COINS:,COINS:,COINS:,COINS:,COINS:,COINS:,COINS:,COINS:,COINS:,COINS:,COINS:,COINS:,COINS:,COINS:,,,,,,,,,,,,,,,,,,,,,,,,,,,,,,,,,,,,,,,,,,,,,,,,,,,,,,,,,,,,,,,,,,,,,,,,,,,,MONETY:,MONETY:,,,,,,,,,,,,,,,,,,,,,,,,,,,,,,,,,,,,,,,,,,
KEY_LIVES_TEXT,LEWE:,الحياة:,الحياة:,الحياة:,الحياة:,الحياة:,الحياة:,الحياة:,الحياة:,الحياة:,الحياة:,الحياة:,الحياة:,الحياة:,الحياة:,الحياة:,الحياة:,الحياة:,الحياة:,الحياة:,ЖЫЦЦІ:,ЖЫЦЦІ:,ЖИВОТИ:,ЖИВОТИ:,জীবন:,জীবন:,জীবন:,ŽIVOTI:,,,,,,,,,,,,,,,,,,,,LIFES:,LIFES:,LIFES:,LIFES:,LIFES:,LIFES:,LIFES:,LIFES:,LIFES:,LIFES:,LIFES:,LIFES:,LIFES:,LIFES:,LIFES:,LIFES:,LIFES:,LIFES:,LIFES:,,,,,,,,,,,,,,,,,,,,,,,,,,,,,,,,,,,,,,,,,,,,,,,,,,,,,,,,,,,,,,,,,,,,,,,,,,,,ŻYCIA:,ŻYCIA:,,,,,,,,,,,,,,,,,,,,,,,,,,,,,,,,,,,,,,,,,,
KEY_TEXT_ACHIVEMENT_UNLOCKED,Prestasie ontsluit!,الإنجاز مفتوح!,الإنجاز مفتوح!,الإنجاز مفتوح!,الإنجاز مفتوح!,الإنجاز مفتوح!,الإنجاز مفتوح!,الإنجاز مفتوح!,الإنجاز مفتوح!,الإنجاز مفتوح!,الإنجاز مفتوح!,الإنجاز مفتوح!,الإنجاز مفتوح!,الإنجاز مفتوح!,الإنجاز مفتوح!,الإنجاز مفتوح!,الإنجاز مفتوح!,الإنجاز مفتوح!,الإنجاز مفتوح!,الإنجاز مفتوح!,Дасягненне разблакіравана!,Дасягненне разблакіравана!,Постижението е отключено!,Постижението е отключено!,কৃতিত্ব আনলক করা হয়েছে!,কৃতিত্ব আনলক করা হয়েছে!,কৃতিত্ব আনলক করা হয়েছে!,Postignuće otključano!,,,,,,,,,,,,,,,,,,,,Achivement unlocked!,Achivement unlocked!,Achivement unlocked!,Achivement unlocked!,Achivement unlocked!,Achivement unlocked!,Achivement unlocked!,Achivement unlocked!,Achivement unlocked!,Achivement unlocked!,Achivement unlocked!,Achivement unlocked!,Achivement unlocked!,Achivement unlocked!,Achivement unlocked!,Achivement unlocked!,Achivement unlocked!,Achivement unlocked!,Achivement unlocked!,,,,,,,,,,,,,,,,,,,,,,,,,,,,,,,,,,,,,,,,,,,,,,,,,,,,,,,,,,,,,,,,,,,,,,,,,,,,Osiągnięcie odblokowane!,Osiągnięcie odblokowane!,,,,,,,,,,,,,,,,,,,,,,,,,,,,,,,,,,,,,,,,,,
KEY_TEXT_STAGE_LABORATORY,Laboratorium,معمل,معمل,معمل,معمل,معمل,معمل,معمل,معمل,معمل,معمل,معمل,معمل,معمل,معمل,معمل,معمل,معمل,معمل,معمل,Лабараторыя,Лабараторыя,лаборатория,лаборатория,ল্যাবরেটরি,ল্যাবরেটরি,ল্যাবরেটরি,Laboratorija,,,,,,,,,,,,,,,,,,,,Laboratory,Laboratory,Laboratory,Laboratory,Laboratory,Laboratory,Laboratory,Laboratory,Laboratory,Laboratory,Laboratory,Laboratory,Laboratory,Laboratory,Laboratory,Laboratory,Laboratory,Laboratory,Laboratory,,,,,,,,,,,,,,,,,,,,,,,,,,,,,,,,,,,,,,,,,,,,,,,,,,,,,,,,,,,,,,,,,,,,,,,,,,,,Laboratorium,Laboratorium,,,,,,,,,,,,,,,,,,,,,,,,,,,,,,,,,,,,,,,,,,
KEY_TEXT_STAGE_CREDITS,Einde krediete,نهاية الاعتمادات,نهاية الاعتمادات,نهاية الاعتمادات,نهاية الاعتمادات,نهاية الاعتمادات,نهاية الاعتمادات,نهاية الاعتمادات,نهاية الاعتمادات,نهاية الاعتمادات,نهاية الاعتمادات,نهاية الاعتمادات,نهاية الاعتمادات,نهاية الاعتمادات,نهاية الاعتمادات,نهاية الاعتمادات,نهاية الاعتمادات,نهاية الاعتمادات,نهاية الاعتمادات,نهاية الاعتمادات,Канчатковыя крэдыты,Канчатковыя крэдыты,Край на кредитите,Край на кредитите,শেষ কৃতজ্ঞতা,শেষ কৃতজ্ঞতা,শেষ কৃতজ্ঞতা,Kraj kredita,,,,,,,,,,,,,,,,,,,,End credits,End credits,End credits,End credits,End credits,End credits,End credits,End credits,End credits,End credits,End credits,End credits,End credits,End credits,End credits,End credits,End credits,End credits,End credits,,,,,,,,,,,,,,,,,,,,,,,,,,,,,,,,,,,,,,,,,,,,,,,,,,,,,,,,,,,,,,,,,,,,,,,,,,,,Napisy końcowe,Napisy końcowe,,,,,,,,,,,,,,,,,,,,,,,,,,,,,,,,,,,,,,,,,,
KEY_TEXT_ACHIVEMENT_1,Ek is duidelik!,أنا واضح!,أنا واضح!,أنا واضح!,أنا واضح!,أنا واضح!,أنا واضح!,أنا واضح!,أنا واضح!,أنا واضح!,أنا واضح!,أنا واضح!,أنا واضح!,أنا واضح!,أنا واضح!,أنا واضح!,أنا واضح!,أنا واضح!,أنا واضح!,أنا واضح!,Я ясна!,Я ясна!,аз съм ясен!,аз съм ясен!,আমি পরিষ্কার!,আমি পরিষ্কার!,আমি পরিষ্কার!,Jasno mi je!,,,,,,,,,,,,,,,,,,,,I'm clear!,I'm clear!,I'm clear!,I'm clear!,I'm clear!,I'm clear!,I'm clear!,I'm clear!,I'm clear!,I'm clear!,I'm clear!,I'm clear!,I'm clear!,I'm clear!,I'm clear!,I'm clear!,I'm clear!,I'm clear!,I'm clear!,,,,,,,,,,,,,,,,,,,,,,,,,,,,,,,,,,,,,,,,,,,,,,,,,,,,,,,,,,,,,,,,,,,,,,,,,,,,Jestem czysty!,Jestem czysty!,,,,,,,,,,,,,,,,,,,,,,,,,,,,,,,,,,,,,,,,,,
KEY_TEXT_ACHIVEMENT_2,Tot vyf keer,ما يصل إلى خمس مرات,ما يصل إلى خمس مرات,ما يصل إلى خمس مرات,ما يصل إلى خمس مرات,ما يصل إلى خمس مرات,ما يصل إلى خمس مرات,ما يصل إلى خمس مرات,ما يصل إلى خمس مرات,ما يصل إلى خمس مرات,ما يصل إلى خمس مرات,ما يصل إلى خمس مرات,ما يصل إلى خمس مرات,ما يصل إلى خمس مرات,ما يصل إلى خمس مرات,ما يصل إلى خمس مرات,ما يصل إلى خمس مرات,ما يصل إلى خمس مرات,ما يصل إلى خمس مرات,ما يصل إلى خمس مرات,Да пяці разоў,Да пяці разоў,До пет пъти,До пет пъти,পাঁচ বার পর্যন্ত,পাঁচ বার পর্যন্ত,পাঁচ বার পর্যন্ত,Do pet puta,,,,,,,,,,,,,,,,,,,,Up to five times,Up to five times,Up to five times,Up to five times,Up to five times,Up to five times,Up to five times,Up to five times,Up to five times,Up to five times,Up to five times,Up to five times,Up to five times,Up to five times,Up to five times,Up to five times,Up to five times,Up to five times,Up to five times,,,,,,,,,,,,,,,,,,,,,,,,,,,,,,,,,,,,,,,,,,,,,,,,,,,,,,,,,,,,,,,,,,,,,,,,,,,,Do pięciu razy,Do pięciu razy,,,,,,,,,,,,,,,,,,,,,,,,,,,,,,,,,,,,,,,,,,
KEY_TEXT_ACHIVEMENT_3,Amateur rioolsuiweraar,أجهزة تنقية مياه الصرف الصحي للهواة,أجهزة تنقية مياه الصرف الصحي للهواة,أجهزة تنقية مياه الصرف الصحي للهواة,أجهزة تنقية مياه الصرف الصحي للهواة,أجهزة تنقية مياه الصرف الصحي للهواة,أجهزة تنقية مياه الصرف الصحي للهواة,أجهزة تنقية مياه الصرف الصحي للهواة,أجهزة تنقية مياه الصرف الصحي للهواة,أجهزة تنقية مياه الصرف الصحي للهواة,أجهزة تنقية مياه الصرف الصحي للهواة,أجهزة تنقية مياه الصرف الصحي للهواة,أجهزة تنقية مياه الصرف الصحي للهواة,أجهزة تنقية مياه الصرف الصحي للهواة,أجهزة تنقية مياه الصرف الصحي للهواة,أجهزة تنقية مياه الصرف الصحي للهواة,أجهزة تنقية مياه الصرف الصحي للهواة,أجهزة تنقية مياه الصرف الصحي للهواة,أجهزة تنقية مياه الصرف الصحي للهواة,أجهزة تنقية مياه الصرف الصحي للهواة,Аматарскі ачышчальнік сцёкавых вод,Аматарскі ачышчальнік сцёкавых вод,Любителски пречиствател на отпадни води,Любителски пречиствател на отпадни води,অপেশাদার নর্দমা পরিশোধক,অপেশাদার নর্দমা পরিশোধক,অপেশাদার নর্দমা পরিশোধক,Amaterski prečistač otpadnih voda,,,,,,,,,,,,,,,,,,,,Amateur sewage purifier,Amateur sewage purifier,Amateur sewage purifier,Amateur sewage purifier,Amateur sewage purifier,Amateur sewage purifier,Amateur sewage purifier,Amateur sewage purifier,Amateur sewage purifier,Amateur sewage purifier,Amateur sewage purifier,Amateur sewage purifier,Amateur sewage purifier,Amateur sewage purifier,Amateur sewage purifier,Amateur sewage purifier,Amateur sewage purifier,Amateur sewage purifier,Amateur sewage purifier,,,,,,,,,,,,,,,,,,,,,,,,,,,,,,,,,,,,,,,,,,,,,,,,,,,,,,,,,,,,,,,,,,,,,,,,,,,,Amatorski oczyszczacz ścieków,Amatorski oczyszczacz ścieków,,,,,,,,,,,,,,,,,,,,,,,,,,,,,,,,,,,,,,,,,,
KEY_TEXT_ACHIVEMENT_4,Gevorderde rioolsuiweraar,جهاز تنقية مياه الصرف الصحي المتقدم,جهاز تنقية مياه الصرف الصحي المتقدم,جهاز تنقية مياه الصرف الصحي المتقدم,جهاز تنقية مياه الصرف الصحي المتقدم,جهاز تنقية مياه الصرف الصحي المتقدم,جهاز تنقية مياه الصرف الصحي المتقدم,جهاز تنقية مياه الصرف الصحي المتقدم,جهاز تنقية مياه الصرف الصحي المتقدم,جهاز تنقية مياه الصرف الصحي المتقدم,جهاز تنقية مياه الصرف الصحي المتقدم,جهاز تنقية مياه الصرف الصحي المتقدم,جهاز تنقية مياه الصرف الصحي المتقدم,جهاز تنقية مياه الصرف الصحي المتقدم,جهاز تنقية مياه الصرف الصحي المتقدم,جهاز تنقية مياه الصرف الصحي المتقدم,جهاز تنقية مياه الصرف الصحي المتقدم,جهاز تنقية مياه الصرف الصحي المتقدم,جهاز تنقية مياه الصرف الصحي المتقدم,جهاز تنقية مياه الصرف الصحي المتقدم,Пашыраны ачышчальнік сцёкавых вод,Пашыраны ачышчальнік сцёкавых вод,Усъвършенстван пречиствател на отпадни води,Усъвършенстван пречиствател на отпадни води,উন্নত নর্দমা পরিশোধক,উন্নত নর্দমা পরিশোধক,উন্নত নর্দমা পরিশোধক,Napredni prečistač otpadnih voda,,,,,,,,,,,,,,,,,,,,Advanced sewage purifier,Advanced sewage purifier,Advanced sewage purifier,Advanced sewage purifier,Advanced sewage purifier,Advanced sewage purifier,Advanced sewage purifier,Advanced sewage purifier,Advanced sewage purifier,Advanced sewage purifier,Advanced sewage purifier,Advanced sewage purifier,Advanced sewage purifier,Advanced sewage purifier,Advanced sewage purifier,Advanced sewage purifier,Advanced sewage purifier,Advanced sewage purifier,Advanced sewage purifier,,,,,,,,,,,,,,,,,,,,,,,,,,,,,,,,,,,,,,,,,,,,,,,,,,,,,,,,,,,,,,,,,,,,,,,,,,,,Zaawansowany oczyszczacz ścieków,Zaawansowany oczyszczacz ścieków,,,,,,,,,,,,,,,,,,,,,,,,,,,,,,,,,,,,,,,,,,
KEY_TEXT_ACHIVEMENT_5,Geldinsamelaar,جامع الأموال,جامع الأموال,جامع الأموال,جامع الأموال,جامع الأموال,جامع الأموال,جامع الأموال,جامع الأموال,جامع الأموال,جامع الأموال,جامع الأموال,جامع الأموال,جامع الأموال,جامع الأموال,جامع الأموال,جامع الأموال,جامع الأموال,جامع الأموال,جامع الأموال,Зборшчык грошай,Зборшчык грошай,Колекционер на пари,Колекционер на пари,অর্থ সংগ্রহকারী,অর্থ সংগ্রহকারী,অর্থ সংগ্রহকারী,Sakupljač novca,,,,,,,,,,,,,,,,,,,,Money collector,Money collector,Money collector,Money collector,Money collector,Money collector,Money collector,Money collector,Money collector,Money collector,Money collector,Money collector,Money collector,Money collector,Money collector,Money collector,Money collector,Money collector,Money collector,,,,,,,,,,,,,,,,,,,,,,,,,,,,,,,,,,,,,,,,,,,,,,,,,,,,,,,,,,,,,,,,,,,,,,,,,,,,Kolekcjoner pieniędzy,Kolekcjoner pieniędzy,,,,,,,,,,,,,,,,,,,,,,,,,,,,,,,,,,,,,,,,,,
KEY_TEXT_ACHIVEMENT_6,Ryk man,رجل غني,رجل غني,رجل غني,رجل غني,رجل غني,رجل غني,رجل غني,رجل غني,رجل غني,رجل غني,رجل غني,رجل غني,رجل غني,رجل غني,رجل غني,رجل غني,رجل غني,رجل غني,رجل غني,Багач,Багач,Богаташ,Богаташ,ধনীব্যাক্তি,ধনীব্যাক্তি,ধনীব্যাক্তি,Bogat čovek,,,,,,,,,,,,,,,,,,,,Rich man,Rich man,Rich man,Rich man,Rich man,Rich man,Rich man,Rich man,Rich man,Rich man,Rich man,Rich man,Rich man,Rich man,Rich man,Rich man,Rich man,Rich man,Rich man,,,,,,,,,,,,,,,,,,,,,,,,,,,,,,,,,,,,,,,,,,,,,,,,,,,,,,,,,,,,,,,,,,,,,,,,,,,,Bogaty człowiek,Bogaty człowiek,,,,,,,,,,,,,,,,,,,,,,,,,,,,,,,,,,,,,,,,,,
KEY_TEXT_ACHIVEMENT_7,Soos 'n kat!,مثل القط!,مثل القط!,مثل القط!,مثل القط!,مثل القط!,مثل القط!,مثل القط!,مثل القط!,مثل القط!,مثل القط!,مثل القط!,مثل القط!,مثل القط!,مثل القط!,مثل القط!,مثل القط!,مثل القط!,مثل القط!,مثل القط!,Як кот!,Як кот!,Като котка!,Като котка!,বিড়ালের মতো!,বিড়ালের মতো!,বিড়ালের মতো!,Kao mačka!,,,,,,,,,,,,,,,,,,,,Like a cat!,Like a cat!,Like a cat!,Like a cat!,Like a cat!,Like a cat!,Like a cat!,Like a cat!,Like a cat!,Like a cat!,Like a cat!,Like a cat!,Like a cat!,Like a cat!,Like a cat!,Like a cat!,Like a cat!,Like a cat!,Like a cat!,,,,,,,,,,,,,,,,,,,,,,,,,,,,,,,,,,,,,,,,,,,,,,,,,,,,,,,,,,,,,,,,,,,,,,,,,,,,Jak kot!,Jak kot!,,,,,,,,,,,,,,,,,,,,,,,,,,,,,,,,,,,,,,,,,,
KEY_TEXT_ACHIVEMENT_8,"Soos 'n kat, maar.. beter!!!",مثل قطة ولكن .. أفضل !!!,مثل قطة ولكن .. أفضل !!!,مثل قطة ولكن .. أفضل !!!,مثل قطة ولكن .. أفضل !!!,مثل قطة ولكن .. أفضل !!!,مثل قطة ولكن .. أفضل !!!,مثل قطة ولكن .. أفضل !!!,مثل قطة ولكن .. أفضل !!!,مثل قطة ولكن .. أفضل !!!,مثل قطة ولكن .. أفضل !!!,مثل قطة ولكن .. أفضل !!!,مثل قطة ولكن .. أفضل !!!,مثل قطة ولكن .. أفضل !!!,مثل قطة ولكن .. أفضل !!!,مثل قطة ولكن .. أفضل !!!,مثل قطة ولكن .. أفضل !!!,مثل قطة ولكن .. أفضل !!!,مثل قطة ولكن .. أفضل !!!,مثل قطة ولكن .. أفضل !!!,"Як кот, але.. лепш!!!","Як кот, але.. лепш!!!","Като котка, но.. по-добре!!!","Като котка, но.. по-добре!!!","একটি বিড়াল মত, কিন্তু.. ভাল!!!","একটি বিড়াল মত, কিন্তু.. ভাল!!!","একটি বিড়াল মত, কিন্তু.. ভাল!!!","Kao mačka, ali.. bolje!!!",,,,,,,,,,,,,,,,,,,,"Like a cat, but.. better!!!","Like a cat, but.. better!!!","Like a cat, but.. better!!!","Like a cat, but.. better!!!","Like a cat, but.. better!!!","Like a cat, but.. better!!!","Like a cat, but.. better!!!","Like a cat, but.. better!!!","Like a cat, but.. better!!!","Like a cat, but.. better!!!","Like a cat, but.. better!!!","Like a cat, but.. better!!!","Like a cat, but.. better!!!","Like a cat, but.. better!!!","Like a cat, but.. better!!!","Like a cat, but.. better!!!","Like a cat, but.. better!!!","Like a cat, but.. better!!!","Like a cat, but.. better!!!",,,,,,,,,,,,,,,,,,,,,,,,,,,,,,,,,,,,,,,,,,,,,,,,,,,,,,,,,,,,,,,,,,,,,,,,,,,,"Jak kot, ale.. lepiej!!!","Jak kot, ale.. lepiej!!!",,,,,,,,,,,,,,,,,,,,,,,,,,,,,,,,,,,,,,,,,,
KEY_TEXT_ACHIVEMENT_DESCRIPTION_1,Moenie aan die gifstowwe in die 1ste stadium raak nie,لا تلمس السموم في المرحلة الأولى,لا تلمس السموم في المرحلة الأولى,لا تلمس السموم في المرحلة الأولى,لا تلمس السموم في المرحلة الأولى,لا تلمس السموم في المرحلة الأولى,لا تلمس السموم في المرحلة الأولى,لا تلمس السموم في المرحلة الأولى,لا تلمس السموم في المرحلة الأولى,لا تلمس السموم في المرحلة الأولى,لا تلمس السموم في المرحلة الأولى,لا تلمس السموم في المرحلة الأولى,لا تلمس السموم في المرحلة الأولى,لا تلمس السموم في المرحلة الأولى,لا تلمس السموم في المرحلة الأولى,لا تلمس السموم في المرحلة الأولى,لا تلمس السموم في المرحلة الأولى,لا تلمس السموم في المرحلة الأولى,لا تلمس السموم في المرحلة الأولى,لا تلمس السموم في المرحلة الأولى,Не чапайце таксікі на 1-й стадыі,Не чапайце таксікі на 1-й стадыі,Не докосвайте токсичните вещества в 1-ви етап,Не докосвайте токсичните вещества в 1-ви етап,প্রথম পর্যায়ে বিষাক্ত পদার্থ স্পর্শ করবেন না,প্রথম পর্যায়ে বিষাক্ত পদার্থ স্পর্শ করবেন না,প্রথম পর্যায়ে বিষাক্ত পদার্থ স্পর্শ করবেন না,Ne dirajte otrove u 1. fazi,,,,,,,,,,,,,,,,,,,,Don't touch the toxics in 1st stage,Don't touch the toxics in 1st stage,Don't touch the toxics in 1st stage,Don't touch the toxics in 1st stage,Don't touch the toxics in 1st stage,Don't touch the toxics in 1st stage,Don't touch the toxics in 1st stage,Don't touch the toxics in 1st stage,Don't touch the toxics in 1st stage,Don't touch the toxics in 1st stage,Don't touch the toxics in 1st stage,Don't touch the toxics in 1st stage,Don't touch the toxics in 1st stage,Don't touch the toxics in 1st stage,Don't touch the toxics in 1st stage,Don't touch the toxics in 1st stage,Don't touch the toxics in 1st stage,Don't touch the toxics in 1st stage,Don't touch the toxics in 1st stage,,,,,,,,,,,,,,,,,,,,,,,,,,,,,,,,,,,,,,,,,,,,,,,,,,,,,,,,,,,,,,,,,,,,,,,,,,,,Nie dotykaj toksyn w pierwszym etapie,Nie dotykaj toksyn w pierwszym etapie,,,,,,,,,,,,,,,,,,,,,,,,,,,,,,,,,,,,,,,,,,
KEY_TEXT_ACHIVEMENT_DESCRIPTION_2,Verloor al 5 lewens,تفقد كل 5 أرواح,تفقد كل 5 أرواح,تفقد كل 5 أرواح,تفقد كل 5 أرواح,تفقد كل 5 أرواح,تفقد كل 5 أرواح,تفقد كل 5 أرواح,تفقد كل 5 أرواح,تفقد كل 5 أرواح,تفقد كل 5 أرواح,تفقد كل 5 أرواح,تفقد كل 5 أرواح,تفقد كل 5 أرواح,تفقد كل 5 أرواح,تفقد كل 5 أرواح,تفقد كل 5 أرواح,تفقد كل 5 أرواح,تفقد كل 5 أرواح,تفقد كل 5 أرواح,Страціць усе 5 жыццяў,Страціць усе 5 жыццяў,Загуби всичките 5 живота,Загуби всичките 5 живота,৫টি প্রাণ হারান,৫টি প্রাণ হারান,৫টি প্রাণ হারান,Izgubiti svih 5 života,,,,,,,,,,,,,,,,,,,,Lose all 5 lives,Lose all 5 lives,Lose all 5 lives,Lose all 5 lives,Lose all 5 lives,Lose all 5 lives,Lose all 5 lives,Lose all 5 lives,Lose all 5 lives,Lose all 5 lives,Lose all 5 lives,Lose all 5 lives,Lose all 5 lives,Lose all 5 lives,Lose all 5 lives,Lose all 5 lives,Lose all 5 lives,Lose all 5 lives,Lose all 5 lives,,,,,,,,,,,,,,,,,,,,,,,,,,,,,,,,,,,,,,,,,,,,,,,,,,,,,,,,,,,,,,,,,,,,,,,,,,,,Stracić wszystkie 5 żyć,Stracić wszystkie 5 żyć,,,,,,,,,,,,,,,,,,,,,,,,,,,,,,,,,,,,,,,,,,
KEY_TEXT_ACHIVEMENT_DESCRIPTION_3,Val 5 keer in gifstowwe,الوقوع في السموم 5 مرات,الوقوع في السموم 5 مرات,الوقوع في السموم 5 مرات,الوقوع في السموم 5 مرات,الوقوع في السموم 5 مرات,الوقوع في السموم 5 مرات,الوقوع في السموم 5 مرات,الوقوع في السموم 5 مرات,الوقوع في السموم 5 مرات,الوقوع في السموم 5 مرات,الوقوع في السموم 5 مرات,الوقوع في السموم 5 مرات,الوقوع في السموم 5 مرات,الوقوع في السموم 5 مرات,الوقوع في السموم 5 مرات,الوقوع في السموم 5 مرات,الوقوع في السموم 5 مرات,الوقوع في السموم 5 مرات,الوقوع في السموم 5 مرات,Упадаюць у таксіны 5 разоў,Упадаюць у таксіны 5 разоў,Попадайте в токсини 5 пъти,Попадайте в токсини 5 пъти,5 বার বিষাক্ত পদার্থের মধ্যে পড়ে,5 বার বিষাক্ত পদার্থের মধ্যে পড়ে,5 বার বিষাক্ত পদার্থের মধ্যে পড়ে,Padne u toksine 5 puta,,,,,,,,,,,,,,,,,,,,Fall into toxins 5 times,Fall into toxins 5 times,Fall into toxins 5 times,Fall into toxins 5 times,Fall into toxins 5 times,Fall into toxins 5 times,Fall into toxins 5 times,Fall into toxins 5 times,Fall into toxins 5 times,Fall into toxins 5 times,Fall into toxins 5 times,Fall into toxins 5 times,Fall into toxins 5 times,Fall into toxins 5 times,Fall into toxins 5 times,Fall into toxins 5 times,Fall into toxins 5 times,Fall into toxins 5 times,Fall into toxins 5 times,,,,,,,,,,,,,,,,,,,,,,,,,,,,,,,,,,,,,,,,,,,,,,,,,,,,,,,,,,,,,,,,,,,,,,,,,,,,Wpadnij w toksyny 5 razy,Wpadnij w toksyny 5 razy,,,,,,,,,,,,,,,,,,,,,,,,,,,,,,,,,,,,,,,,,,
KEY_TEXT_ACHIVEMENT_DESCRIPTION_4,Val 15 keer in gifstowwe,الوقوع في السموم 15 مرة,الوقوع في السموم 15 مرة,الوقوع في السموم 15 مرة,الوقوع في السموم 15 مرة,الوقوع في السموم 15 مرة,الوقوع في السموم 15 مرة,الوقوع في السموم 15 مرة,الوقوع في السموم 15 مرة,الوقوع في السموم 15 مرة,الوقوع في السموم 15 مرة,الوقوع في السموم 15 مرة,الوقوع في السموم 15 مرة,الوقوع في السموم 15 مرة,الوقوع في السموم 15 مرة,الوقوع في السموم 15 مرة,الوقوع في السموم 15 مرة,الوقوع في السموم 15 مرة,الوقوع في السموم 15 مرة,الوقوع في السموم 15 مرة,Упадаюць у таксіны 15 разоў,Упадаюць у таксіны 15 разоў,Изпадайте в токсини 15 пъти,Изпадайте в токсини 15 пъти,15 বার বিষাক্ত পদার্থের মধ্যে পড়ে,15 বার বিষাক্ত পদার্থের মধ্যে পড়ে,15 বার বিষাক্ত পদার্থের মধ্যে পড়ে,Padne u toksine 15 puta,,,,,,,,,,,,,,,,,,,,Fall into toxins 15 times,Fall into toxins 15 times,Fall into toxins 15 times,Fall into toxins 15 times,Fall into toxins 15 times,Fall into toxins 15 times,Fall into toxins 15 times,Fall into toxins 15 times,Fall into toxins 15 times,Fall into toxins 15 times,Fall into toxins 15 times,Fall into toxins 15 times,Fall into toxins 15 times,Fall into toxins 15 times,Fall into toxins 15 times,Fall into toxins 15 times,Fall into toxins 15 times,Fall into toxins 15 times,Fall into toxins 15 times,,,,,,,,,,,,,,,,,,,,,,,,,,,,,,,,,,,,,,,,,,,,,,,,,,,,,,,,,,,,,,,,,,,,,,,,,,,,Wpadnij w toksyny 15 razy,Wpadnij w toksyny 15 razy,,,,,,,,,,,,,,,,,,,,,,,,,,,,,,,,,,,,,,,,,,
KEY_TEXT_ACHIVEMENT_DESCRIPTION_5,Versamel 50 munte,اجمع 50 قطعة نقدية,اجمع 50 قطعة نقدية,اجمع 50 قطعة نقدية,اجمع 50 قطعة نقدية,اجمع 50 قطعة نقدية,اجمع 50 قطعة نقدية,اجمع 50 قطعة نقدية,اجمع 50 قطعة نقدية,اجمع 50 قطعة نقدية,اجمع 50 قطعة نقدية,اجمع 50 قطعة نقدية,اجمع 50 قطعة نقدية,اجمع 50 قطعة نقدية,اجمع 50 قطعة نقدية,اجمع 50 قطعة نقدية,اجمع 50 قطعة نقدية,اجمع 50 قطعة نقدية,اجمع 50 قطعة نقدية,اجمع 50 قطعة نقدية,Збярыце 50 манет,Збярыце 50 манет,Съберете 50 монети,Съберете 50 монети,50 কয়েন সংগ্রহ করুন,50 কয়েন সংগ্রহ করুন,50 কয়েন সংগ্রহ করুন,Sakupite 50 novčića,,,,,,,,,,,,,,,,,,,,Collect 50 coins,Collect 50 coins,Collect 50 coins,Collect 50 coins,Collect 50 coins,Collect 50 coins,Collect 50 coins,Collect 50 coins,Collect 50 coins,Collect 50 coins,Collect 50 coins,Collect 50 coins,Collect 50 coins,Collect 50 coins,Collect 50 coins,Collect 50 coins,Collect 50 coins,Collect 50 coins,Collect 50 coins,,,,,,,,,,,,,,,,,,,,,,,,,,,,,,,,,,,,,,,,,,,,,,,,,,,,,,,,,,,,,,,,,,,,,,,,,,,,Zbierz 50 monet,Zbierz 50 monet,,,,,,,,,,,,,,,,,,,,,,,,,,,,,,,,,,,,,,,,,,
KEY_TEXT_ACHIVEMENT_DESCRIPTION_6,Versamel 100 munte,اجمع 100 قطعة نقدية,اجمع 100 قطعة نقدية,اجمع 100 قطعة نقدية,اجمع 100 قطعة نقدية,اجمع 100 قطعة نقدية,اجمع 100 قطعة نقدية,اجمع 100 قطعة نقدية,اجمع 100 قطعة نقدية,اجمع 100 قطعة نقدية,اجمع 100 قطعة نقدية,اجمع 100 قطعة نقدية,اجمع 100 قطعة نقدية,اجمع 100 قطعة نقدية,اجمع 100 قطعة نقدية,اجمع 100 قطعة نقدية,اجمع 100 قطعة نقدية,اجمع 100 قطعة نقدية,اجمع 100 قطعة نقدية,اجمع 100 قطعة نقدية,Збярыце 100 манет,Збярыце 100 манет,Съберете 100 монети,Съберете 100 монети,100 কয়েন সংগ্রহ করুন,100 কয়েন সংগ্রহ করুন,100 কয়েন সংগ্রহ করুন,Sakupite 100 novčića,,,,,,,,,,,,,,,,,,,,Collect 100 coins,Collect 100 coins,Collect 100 coins,Collect 100 coins,Collect 100 coins,Collect 100 coins,Collect 100 coins,Collect 100 coins,Collect 100 coins,Collect 100 coins,Collect 100 coins,Collect 100 coins,Collect 100 coins,Collect 100 coins,Collect 100 coins,Collect 100 coins,Collect 100 coins,Collect 100 coins,Collect 100 coins,,,,,,,,,,,,,,,,,,,,,,,,,,,,,,,,,,,,,,,,,,,,,,,,,,,,,,,,,,,,,,,,,,,,,,,,,,,,Zbierz 100 monet,Zbierz 100 monet,,,,,,,,,,,,,,,,,,,,,,,,,,,,,,,,,,,,,,,,,,
KEY_TEXT_ACHIVEMENT_DESCRIPTION_7,Kry 9 lewens in die spel,احصل على 9 حياة في اللعبة,احصل على 9 حياة في اللعبة,احصل على 9 حياة في اللعبة,احصل على 9 حياة في اللعبة,احصل على 9 حياة في اللعبة,احصل على 9 حياة في اللعبة,احصل على 9 حياة في اللعبة,احصل على 9 حياة في اللعبة,احصل على 9 حياة في اللعبة,احصل على 9 حياة في اللعبة,احصل على 9 حياة في اللعبة,احصل على 9 حياة في اللعبة,احصل على 9 حياة في اللعبة,احصل على 9 حياة في اللعبة,احصل على 9 حياة في اللعبة,احصل على 9 حياة في اللعبة,احصل على 9 حياة في اللعبة,احصل على 9 حياة في اللعبة,احصل على 9 حياة في اللعبة,Атрымайце 9 жыццяў у гульні,Атрымайце 9 жыццяў у гульні,Вземете 9 живота в играта,Вземете 9 живота в играта,খেলায় 9টি জীবন পান,খেলায় 9টি জীবন পান,খেলায় 9টি জীবন পান,Dobijte 9 života u igri,,,,,,,,,,,,,,,,,,,,Get 9 lifes in game,Get 9 lifes in game,Get 9 lifes in game,Get 9 lifes in game,Get 9 lifes in game,Get 9 lifes in game,Get 9 lifes in game,Get 9 lifes in game,Get 9 lifes in game,Get 9 lifes in game,Get 9 lifes in game,Get 9 lifes in game,Get 9 lifes in game,Get 9 lifes in game,Get 9 lifes in game,Get 9 lifes in game,Get 9 lifes in game,Get 9 lifes in game,Get 9 lifes in game,,,,,,,,,,,,,,,,,,,,,,,,,,,,,,,,,,,,,,,,,,,,,,,,,,,,,,,,,,,,,,,,,,,,,,,,,,,,Zdobądź 9 żyć w grze,Zdobądź 9 żyć w grze,,,,,,,,,,,,,,,,,,,,,,,,,,,,,,,,,,,,,,,,,,
KEY_TEXT_ACHIVEMENT_DESCRIPTION_8,Kry meer as 9 lewens in die spel,احصل على أكثر من 9 أرواح في اللعبة,احصل على أكثر من 9 أرواح في اللعبة,احصل على أكثر من 9 أرواح في اللعبة,احصل على أكثر من 9 أرواح في اللعبة,احصل على أكثر من 9 أرواح في اللعبة,احصل على أكثر من 9 أرواح في اللعبة,احصل على أكثر من 9 أرواح في اللعبة,احصل على أكثر من 9 أرواح في اللعبة,احصل على أكثر من 9 أرواح في اللعبة,احصل على أكثر من 9 أرواح في اللعبة,احصل على أكثر من 9 أرواح في اللعبة,احصل على أكثر من 9 أرواح في اللعبة,احصل على أكثر من 9 أرواح في اللعبة,احصل على أكثر من 9 أرواح في اللعبة,احصل على أكثر من 9 أرواح في اللعبة,احصل على أكثر من 9 أرواح في اللعبة,احصل على أكثر من 9 أرواح في اللعبة,احصل على أكثر من 9 أرواح في اللعبة,احصل على أكثر من 9 أرواح في اللعبة,Атрымайце больш за 9 жыццяў у гульні,Атрымайце больш за 9 жыццяў у гульні,Вземете повече от 9 живота в играта,Вземете повече от 9 живота в играта,খেলায় 9 টিরও বেশি জীবন পান,খেলায় 9 টিরও বেশি জীবন পান,খেলায় 9 টিরও বেশি জীবন পান,Dobijte više od 9 života u igri,,,,,,,,,,,,,,,,,,,,Get more than 9 lives in game,Get more than 9 lives in game,Get more than 9 lives in game,Get more than 9 lives in game,Get more than 9 lives in game,Get more than 9 lives in game,Get more than 9 lives in game,Get more than 9 lives in game,Get more than 9 lives in game,Get more than 9 lives in game,Get more than 9 lives in game,Get more than 9 lives in game,Get more than 9 lives in game,Get more than 9 lives in game,Get more than 9 lives in game,Get more than 9 lives in game,Get more than 9 lives in game,Get more than 9 lives in game,Get more than 9 lives in game,,,,,,,,,,,,,,,,,,,,,,,,,,,,,,,,,,,,,,,,,,,,,,,,,,,,,,,,,,,,,,,,,,,,,,,,,,,,Zdobądź ponad 9 żyć w grze,Zdobądź ponad 9 żyć w grze,,,,,,,,,,,,,,,,,,,,,,,,,,,,,,,,,,,,,,,,,,
KEY_TEXT_BG_LOAD_HINT_1,Gebruik WASD om jou karakter te beheer en rond te beweeg!,استخدم WASD للتحكم في شخصيتك والتحرك!,استخدم WASD للتحكم في شخصيتك والتحرك!,استخدم WASD للتحكم في شخصيتك والتحرك!,استخدم WASD للتحكم في شخصيتك والتحرك!,استخدم WASD للتحكم في شخصيتك والتحرك!,استخدم WASD للتحكم في شخصيتك والتحرك!,استخدم WASD للتحكم في شخصيتك والتحرك!,استخدم WASD للتحكم في شخصيتك والتحرك!,استخدم WASD للتحكم في شخصيتك والتحرك!,استخدم WASD للتحكم في شخصيتك والتحرك!,استخدم WASD للتحكم في شخصيتك والتحرك!,استخدم WASD للتحكم في شخصيتك والتحرك!,استخدم WASD للتحكم في شخصيتك والتحرك!,استخدم WASD للتحكم في شخصيتك والتحرك!,استخدم WASD للتحكم في شخصيتك والتحرك!,استخدم WASD للتحكم في شخصيتك والتحرك!,استخدم WASD للتحكم في شخصيتك والتحرك!,استخدم WASD للتحكم في شخصيتك والتحرك!,استخدم WASD للتحكم في شخصيتك والتحرك!,"Выкарыстоўвайце WASD, каб кіраваць сваім персанажам і перамяшчацца!","Выкарыстоўвайце WASD, каб кіраваць сваім персанажам і перамяшчацца!","Използвайте WASD, за да контролирате героя си и да се движите!","Използвайте WASD, за да контролирате героя си и да се движите!",আপনার চরিত্র নিয়ন্ত্রণ এবং চারপাশে সরাতে WASD ব্যবহার করুন!,আপনার চরিত্র নিয়ন্ত্রণ এবং চারপাশে সরাতে WASD ব্যবহার করুন!,আপনার চরিত্র নিয়ন্ত্রণ এবং চারপাশে সরাতে WASD ব্যবহার করুন!,Koristite WASD za kontrolu svog karaktera i kretanje!,,,,,,,,,,,,,,,,,,,,Use WASD to control Your character and move around!,Use WASD to control Your character and move around!,Use WASD to control Your character and move around!,Use WASD to control Your character and move around!,Use WASD to control Your character and move around!,Use WASD to control Your character and move around!,Use WASD to control Your character and move around!,Use WASD to control Your character and move around!,Use WASD to control Your character and move around!,Use WASD to control Your character and move around!,Use WASD to control Your character and move around!,Use WASD to control Your character and move around!,Use WASD to control Your character and move around!,Use WASD to control Your character and move around!,Use WASD to control Your character and move around!,Use WASD to control Your character and move around!,Use WASD to control Your character and move around!,Use WASD to control Your character and move around!,Use WASD to control Your character and move around!,,,,,,,,,,,,,,,,,,,,,,,,,,,,,,,,,,,,,,,,,,,,,,,,,,,,,,,,,,,,,,,,,,,,,,,,,,,,"Użyj WASD, aby kontrolować swoją postać i poruszać się!","Użyj WASD, aby kontrolować swoją postać i poruszać się!",,,,,,,,,,,,,,,,,,,,,,,,,,,,,,,,,,,,,,,,,,
KEY_TEXT_BG_LOAD_HINT_2,Sterte kan nie vlieg nie!,ذيول لا تستطيع الطيران!,ذيول لا تستطيع الطيران!,ذيول لا تستطيع الطيران!,ذيول لا تستطيع الطيران!,ذيول لا تستطيع الطيران!,ذيول لا تستطيع الطيران!,ذيول لا تستطيع الطيران!,ذيول لا تستطيع الطيران!,ذيول لا تستطيع الطيران!,ذيول لا تستطيع الطيران!,ذيول لا تستطيع الطيران!,ذيول لا تستطيع الطيران!,ذيول لا تستطيع الطيران!,ذيول لا تستطيع الطيران!,ذيول لا تستطيع الطيران!,ذيول لا تستطيع الطيران!,ذيول لا تستطيع الطيران!,ذيول لا تستطيع الطيران!,ذيول لا تستطيع الطيران!,Хвасты не могуць лётаць!,Хвасты не могуць лётаць!,Опашките не могат да летят!,Опашките не могат да летят!,লেজ উড়তে পারে না!,লেজ উড়তে পারে না!,লেজ উড়তে পারে না!,Repovi ne mogu da lete!,,,,,,,,,,,,,,,,,,,,Tails can't fly!,Tails can't fly!,Tails can't fly!,Tails can't fly!,Tails can't fly!,Tails can't fly!,Tails can't fly!,Tails can't fly!,Tails can't fly!,Tails can't fly!,Tails can't fly!,Tails can't fly!,Tails can't fly!,Tails can't fly!,Tails can't fly!,Tails can't fly!,Tails can't fly!,Tails can't fly!,Tails can't fly!,,,,,,,,,,,,,,,,,,,,,,,,,,,,,,,,,,,,,,,,,,,,,,,,,,,,,,,,,,,,,,,,,,,,,,,,,,,,Tails nie lata!,Tails nie lata!,,,,,,,,,,,,,,,,,,,,,,,,,,,,,,,,,,,,,,,,,,
KEY_TEXT_BG_LOAD_HINT_3,Dit is beter om nie in gifstowwe te spring nie ...,من الأفضل ألا تقفز إلى السموم ...,من الأفضل ألا تقفز إلى السموم ...,من الأفضل ألا تقفز إلى السموم ...,من الأفضل ألا تقفز إلى السموم ...,من الأفضل ألا تقفز إلى السموم ...,من الأفضل ألا تقفز إلى السموم ...,من الأفضل ألا تقفز إلى السموم ...,من الأفضل ألا تقفز إلى السموم ...,من الأفضل ألا تقفز إلى السموم ...,من الأفضل ألا تقفز إلى السموم ...,من الأفضل ألا تقفز إلى السموم ...,من الأفضل ألا تقفز إلى السموم ...,من الأفضل ألا تقفز إلى السموم ...,من الأفضل ألا تقفز إلى السموم ...,من الأفضل ألا تقفز إلى السموم ...,من الأفضل ألا تقفز إلى السموم ...,من الأفضل ألا تقفز إلى السموم ...,من الأفضل ألا تقفز إلى السموم ...,من الأفضل ألا تقفز إلى السموم ...,Лепш не скакаць у таксіны ...,Лепш не скакаць у таксіны ...,По-добре не скачай в токсините...,По-добре не скачай в токсините...,বিষাক্ত পদার্থে না ঝাঁপিয়ে পড়া ভালো...,বিষাক্ত পদার্থে না ঝাঁপিয়ে পড়া ভালো...,বিষাক্ত পদার্থে না ঝাঁপিয়ে পড়া ভালো...,Bolje da ne skačete u toksine...,,,,,,,,,,,,,,,,,,,,Better don't jump into toxins…,Better don't jump into toxins…,Better don't jump into toxins…,Better don't jump into toxins…,Better don't jump into toxins…,Better don't jump into toxins…,Better don't jump into toxins…,Better don't jump into toxins…,Better don't jump into toxins…,Better don't jump into toxins…,Better don't jump into toxins…,Better don't jump into toxins…,Better don't jump into toxins…,Better don't jump into toxins…,Better don't jump into toxins…,Better don't jump into toxins…,Better don't jump into toxins…,Better don't jump into toxins…,Better don't jump into toxins…,,,,,,,,,,,,,,,,,,,,,,,,,,,,,,,,,,,,,,,,,,,,,,,,,,,,,,,,,,,,,,,,,,,,,,,,,,,,Lepiej nie wskakuj w toksyny…,Lepiej nie wskakuj w toksyny…,,,,,,,,,,,,,,,,,,,,,,,,,,,,,,,,,,,,,,,,,,
KEY_TEXT_BG_LOAD_HINT_4,Dankie dat jy Foxy Adventure gespeel het,شكرًا لك على لعب Foxy Adventure,شكرًا لك على لعب Foxy Adventure,شكرًا لك على لعب Foxy Adventure,شكرًا لك على لعب Foxy Adventure,شكرًا لك على لعب Foxy Adventure,شكرًا لك على لعب Foxy Adventure,شكرًا لك على لعب Foxy Adventure,شكرًا لك على لعب Foxy Adventure,شكرًا لك على لعب Foxy Adventure,شكرًا لك على لعب Foxy Adventure,شكرًا لك على لعب Foxy Adventure,شكرًا لك على لعب Foxy Adventure,شكرًا لك على لعب Foxy Adventure,شكرًا لك على لعب Foxy Adventure,شكرًا لك على لعب Foxy Adventure,شكرًا لك على لعب Foxy Adventure,شكرًا لك على لعب Foxy Adventure,شكرًا لك على لعب Foxy Adventure,شكرًا لك على لعب Foxy Adventure,Дзякуй за гульню ў Foxy Adventure,Дзякуй за гульню ў Foxy Adventure,"Благодаря ви, че играете Foxy Adventure","Благодаря ви, че играете Foxy Adventure",ফক্সি অ্যাডভেঞ্চার খেলার জন্য আপনাকে ধন্যবাদ,ফক্সি অ্যাডভেঞ্চার খেলার জন্য আপনাকে ধন্যবাদ,ফক্সি অ্যাডভেঞ্চার খেলার জন্য আপনাকে ধন্যবাদ,Hvala vam što igrate Foxy Adventure,,,,,,,,,,,,,,,,,,,,Thank You for playing Foxy Adventure,Thank You for playing Foxy Adventure,Thank You for playing Foxy Adventure,Thank You for playing Foxy Adventure,Thank You for playing Foxy Adventure,Thank You for playing Foxy Adventure,Thank You for playing Foxy Adventure,Thank You for playing Foxy Adventure,Thank You for playing Foxy Adventure,Thank You for playing Foxy Adventure,Thank You for playing Foxy Adventure,Thank You for playing Foxy Adventure,Thank You for playing Foxy Adventure,Thank You for playing Foxy Adventure,Thank You for playing Foxy Adventure,Thank You for playing Foxy Adventure,Thank You for playing Foxy Adventure,Thank You for playing Foxy Adventure,Thank You for playing Foxy Adventure,,,,,,,,,,,,,,,,,,,,,,,,,,,,,,,,,,,,,,,,,,,,,,,,,,,,,,,,,,,,,,,,,,,,,,,,,,,,Dziękujemy za grę w Foxy Adventure,Dziękujemy za grę w Foxy Adventure,,,,,,,,,,,,,,,,,,,,,,,,,,,,,,,,,,,,,,,,,,
KEY_TEXT_PLAYING_AS,Speel as,اللعب ك,اللعب ك,اللعب ك,اللعب ك,اللعب ك,اللعب ك,اللعب ك,اللعب ك,اللعب ك,اللعب ك,اللعب ك,اللعب ك,اللعب ك,اللعب ك,اللعب ك,اللعب ك,اللعب ك,اللعب ك,اللعب ك,Гуляючы як,Гуляючы як,Играя като,Играя като,হিসেবে খেলছেন,হিসেবে খেলছেন,হিসেবে খেলছেন,Igranje kao,,,,,,,,,,,,,,,,,,,,Playing as,Playing as,Playing as,Playing as,Playing as,Playing as,Playing as,Playing as,Playing as,Playing as,Playing as,Playing as,Playing as,Playing as,Playing as,Playing as,Playing as,Playing as,Playing as,,,,,,,,,,,,,,,,,,,,,,,,,,,,,,,,,,,,,,,,,,,,,,,,,,,,,,,,,,,,,,,,,,,,,,,,,,,,Gra jako,Gra jako,,,,,,,,,,,,,,,,,,,,,,,,,,,,,,,,,,,,,,,,,,
KEY_TEXT_AT_MAIN_MENU,By hoof spyskaart,في القائمة الرئيسية,في القائمة الرئيسية,في القائمة الرئيسية,في القائمة الرئيسية,في القائمة الرئيسية,في القائمة الرئيسية,في القائمة الرئيسية,في القائمة الرئيسية,في القائمة الرئيسية,في القائمة الرئيسية,في القائمة الرئيسية,في القائمة الرئيسية,في القائمة الرئيسية,في القائمة الرئيسية,في القائمة الرئيسية,في القائمة الرئيسية,في القائمة الرئيسية,في القائمة الرئيسية,في القائمة الرئيسية,У галоўным меню,У галоўным меню,В главното меню,В главното меню,প্রধান মেনুতে,প্রধান মেনুতে,প্রধান মেনুতে,U glavnom meniju,,,,,,,,,,,,,,,,,,,,At main menu,At main menu,At main menu,At main menu,At main menu,At main menu,At main menu,At main menu,At main menu,At main menu,At main menu,At main menu,At main menu,At main menu,At main menu,At main menu,At main menu,At main menu,At main menu,,,,,,,,,,,,,,,,,,,,,,,,,,,,,,,,,,,,,,,,,,,,,,,,,,,,,,,,,,,,,,,,,,,,,,,,,,,,W menu głównym,W menu głównym,,,,,,,,,,,,,,,,,,,,,,,,,,,,,,,,,,,,,,,,,,
KEY_TEXT_AT,By,في,في,في,في,في,في,في,في,في,في,في,في,في,في,في,في,في,في,في,У,У,В,В,এ,এ,এ,At,,,,,,,,,,,,,,,,,,,,At,At,At,At,At,At,At,At,At,At,At,At,At,At,At,At,At,At,At,,,,,,,,,,,,,,,,,,,,,,,,,,,,,,,,,,,,,,,,,,,,,,,,,,,,,,,,,,,,,,,,,,,,,,,,,,,,W,W,,,,,,,,,,,,,,,,,,,,,,,,,,,,,,,,,,,,,,,,,,
KEY_TEXT_MODIFICATION_UNSUPPORTED_SDK,"Daardie wysiging gebruik nie-ondersteunde
SDK-weergawe en dit sal nie gelaai word nie",يستخدم هذا التعديل إصدار SDK غير مدعوم ولن يتم تحميله,يستخدم هذا التعديل إصدار SDK غير مدعوم ولن يتم تحميله,يستخدم هذا التعديل إصدار SDK غير مدعوم ولن يتم تحميله,يستخدم هذا التعديل إصدار SDK غير مدعوم ولن يتم تحميله,يستخدم هذا التعديل إصدار SDK غير مدعوم ولن يتم تحميله,يستخدم هذا التعديل إصدار SDK غير مدعوم ولن يتم تحميله,يستخدم هذا التعديل إصدار SDK غير مدعوم ولن يتم تحميله,يستخدم هذا التعديل إصدار SDK غير مدعوم ولن يتم تحميله,يستخدم هذا التعديل إصدار SDK غير مدعوم ولن يتم تحميله,يستخدم هذا التعديل إصدار SDK غير مدعوم ولن يتم تحميله,يستخدم هذا التعديل إصدار SDK غير مدعوم ولن يتم تحميله,يستخدم هذا التعديل إصدار SDK غير مدعوم ولن يتم تحميله,يستخدم هذا التعديل إصدار SDK غير مدعوم ولن يتم تحميله,يستخدم هذا التعديل إصدار SDK غير مدعوم ولن يتم تحميله,يستخدم هذا التعديل إصدار SDK غير مدعوم ولن يتم تحميله,يستخدم هذا التعديل إصدار SDK غير مدعوم ولن يتم تحميله,يستخدم هذا التعديل إصدار SDK غير مدعوم ولن يتم تحميله,يستخدم هذا التعديل إصدار SDK غير مدعوم ولن يتم تحميله,يستخدم هذا التعديل إصدار SDK غير مدعوم ولن يتم تحميله,"Гэтая мадыфікацыя выкарыстоўвае версію SDK, якая не падтрымліваецца, і яна не будзе загружана","Гэтая мадыфікацыя выкарыстоўвае версію SDK, якая не падтрымліваецца, і яна не будзе загружана",Тази модификация използва неподдържана версия на SDK и няма да бъде заредена,Тази модификация използва неподдържана версия на SDK и няма да бъде заредена,এই পরিবর্তনটি অসমর্থিত SDK সংস্করণ ব্যবহার করে এবং এটি লোড করা হবে না,এই পরিবর্তনটি অসমর্থিত SDK সংস্করণ ব্যবহার করে এবং এটি লোড করা হবে না,এই পরিবর্তনটি অসমর্থিত SDK সংস্করণ ব্যবহার করে এবং এটি লোড করা হবে না,Ta modifikacija koristi nepodržanu verziju SDK-a i neće se učitati,,,,,,,,,,,,,,,,,,,,"That modification uses unsupported SDK version and
It won't be loaded","That modification uses unsupported SDK version and
It won't be loaded","That modification uses unsupported SDK version and
It won't be loaded","That modification uses unsupported SDK version and
It won't be loaded","That modification uses unsupported SDK version and
It won't be loaded","That modification uses unsupported SDK version and
It won't be loaded","That modification uses unsupported SDK version and
It won't be loaded","That modification uses unsupported SDK version and
It won't be loaded","That modification uses unsupported SDK version and
It won't be loaded","That modification uses unsupported SDK version and
It won't be loaded","That modification uses unsupported SDK version and
It won't be loaded","That modification uses unsupported SDK version and
It won't be loaded","That modification uses unsupported SDK version and
It won't be loaded","That modification uses unsupported SDK version and
It won't be loaded","That modification uses unsupported SDK version and
It won't be loaded","That modification uses unsupported SDK version and
It won't be loaded","That modification uses unsupported SDK version and
It won't be loaded","That modification uses unsupported SDK version and
It won't be loaded","That modification uses unsupported SDK version and
It won't be loaded",,,,,,,,,,,,,,,,,,,,,,,,,,,,,,,,,,,,,,,,,,,,,,,,,,,,,,,,,,,,,,,,,,,,,,,,,,,,"Ta modyfikacja używa nie wspieranej wersji SDK
I nie zostanie ona załadowana","Ta modyfikacja używa nie wspieranej wersji SDK
I nie zostanie ona załadowana",,,,,,,,,,,,,,,,,,,,,,,,,,,,,,,,,,,,,,,,,,
